"","ID","hour0","hour1","hour10","hour11","hour12","hour13","hour14","hour15","hour16","hour17","hour18","hour19","hour2","hour20","hour21","hour22","hour23","hour3","hour4","hour5","hour6","hour7","hour8","hour9","total"
"1",1,"61","9","1","1","2","1","4","1","1","1","1","5","11","1","1","1","1","17","14","2","2","1","1","1","1"
"2",2,"23","16","4","2","3","2","2","3","2","2","5","4","89","2","2","1","1","47","54","15","26","1","1","2","2"
"3",3,"1","18","1","1","2","3","4","1","1","1","1","1","18","1","1","1","1","16","1","23","30","1","1","1","1"
"4",4,"27","45","1","1","1","1","3","1","1","1","4","5","82","4","4","1","1","18","19","53","2","1","1","1","1"
"5",5,"3","1","2","2","3","2","2","3","2","2","3","2","11","2","2","2","1","56","8","20","23","1","1","2","2"
"6",6,"57","79","1","1","1","1","3","1","1","1","4","5","80","4","4","1","21","6","59","19","17","1","1","1","3"
"7",7,"39","8","1","1","1","1","3","1","1","1","4","5","55","4","4","1","1","42","20","65","53","1","1","1","3"
"8",8,"52","46","1","1","1","1","3","1","1","1","4","5","63","4","4","1","1","3","7","11","53","1","1","1","3"
"9",9,"13","27","1","1","4","4","1","2","1","1","2","3","26","3","3","1","10","53","66","4","1","1","1","1","1"
"10",10,"2","33","1","1","4","4","1","2","1","1","2","3","12","3","3","1","1","3","55","1","34","1","1","1","1"
"11",11,"27","20","1","1","1","1","3","1","1","1","4","5","28","4","4","1","1","3","2","55","48","1","1","1","1"
"12",12,"2","31","1","1","1","1","3","1","1","1","4","5","50","4","4","1","1","14","29","38","18","1","1","1","1"
"13",13,"45","40","1","1","1","1","3","1","1","1","4","5","92","4","4","1","1","69","1","65","45","1","1","1","1"
"14",14,"2","11","1","1","1","1","3","1","1","1","4","5","2","4","4","1","1","59","8","15","18","1","1","1","1"
"15",15,"46","20","1","1","1","1","3","1","1","1","4","5","31","4","4","1","1","10","1","9","6","1","1","1","1"
"16",16,"2","11","1","1","1","1","3","1","1","1","4","5","14","4","4","1","1","61","37","4","6","1","1","1","1"
"17",17,"8","20","1","1","2","1","4","1","1","1","4","1","50","4","1","1","1","36","2","23","6","1","1","1","1"
"18",18,"31","36","1","1","1","1","1","1","1","1","4","5","37","4","4","1","1","9","42","40","8","1","1","1","1"
"19",19,"2","20","1","1","1","1","3","1","1","1","4","5","19","4","4","1","1","16","17","1","5","1","1","1","1"
"20",20,"2","51","1","1","1","1","3","1","1","1","4","5","2","4","4","1","1","6","7","19","25","1","1","1","1"
"21",21,"8","1","1","1","1","1","3","1","1","1","4","5","10","4","4","1","1","30","21","3","34","1","1","1","1"
"22",22,"2","51","1","1","1","1","3","1","1","1","4","5","58","4","4","1","1","28","17","29","4","1","1","1","1"
"23",23,"1","22","1","1","1","1","3","1","1","1","4","5","19","4","4","1","1","14","17","21","4","1","1","1","1"
"24",24,"2","31","1","1","1","1","3","1","1","1","4","5","7","4","4","1","1","15","7","22","22","1","1","1","1"
"25",25,"2","4","1","1","1","1","3","1","1","1","4","5","55","4","4","1","1","16","43","38","21","1","1","1","1"
"26",26,"2","36","1","1","1","1","3","1","1","1","4","5","7","4","4","1","23","25","75","63","4","1","1","1","1"
"27",27,"41","4","1","1","4","4","1","2","1","1","2","3","35","3","3","1","1","71","4","16","15","1","1","1","1"
"28",28,"2","8","1","1","1","1","3","1","1","1","4","5","38","4","4","1","1","48","28","1","25","1","1","1","1"
"29",29,"21","4","1","2","3","2","2","4","2","5","5","4","59","5","2","1","1","44","45","16","23","1","1","2","5"
"30",30,"24","29","1","1","2","3","4","1","1","1","1","1","14","1","1","1","1","17","28","25","4","1","1","1","1"
"31",31,"1","23","1","1","2","3","4","1","4","3","1","1","31","1","1","1","3","22","10","13","62","1","1","1","1"
"32",32,"13","20","1","1","2","3","4","1","1","1","1","1","53","1","1","1","3","63","7","67","17","1","1","1","1"
"33",33,"1","1","1","4","2","3","4","5","4","3","1","1","45","1","1","3","3","2","10","4","13","1","1","1","1"
"34",34,"2","20","1","1","1","1","3","1","1","1","4","5","39","4","4","1","1","78","56","12","56","1","1","1","1"
"35",35,"4","58","3","2","3","2","5","4","3","2","5","4","73","2","2","1","1","29","33","74","23","1","1","2","2"
"36",36,"4","9","2","2","3","2","2","3","2","2","3","2","51","2","2","2","2","54","26","76","28","1","1","2","2"
"37",37,"26","83","2","2","3","2","2","3","2","2","5","4","89","2","2","1","6","11","8","20","47","1","1","2","2"
"38",38,"1","91","1","1","2","3","4","5","4","3","1","1","36","1","1","1","1","19","59","7","7","1","1","1","1"
"39",39,"1","25","1","1","2","3","4","5","4","3","1","1","33","1","1","1","1","19","11","20","2","1","1","1","1"
"40",40,"38","74","1","1","2","3","4","1","1","1","1","1","7","1","1","1","1","53","3","20","4","1","1","1","1"
"41",41,"38","70","1","1","2","3","4","1","1","1","1","1","49","1","1","1","1","36","7","6","4","1","1","1","1"
"42",42,"12","58","1","1","1","1","3","1","1","1","4","5","87","4","4","1","1","60","28","12","45","1","1","1","3"
"43",43,"35","62","1","1","1","1","3","1","1","1","4","5","53","4","4","1","1","7","60","28","1","1","1","1","3"
"44",44,"12","29","1","1","1","1","3","1","1","1","4","5","19","4","4","1","1","37","22","1","26","1","1","1","3"
"45",45,"18","30","1","4","2","3","4","5","4","3","1","1","81","1","1","3","1","76","61","16","32","3","1","1","1"
"46",46,"46","34","1","1","1","1","3","1","1","1","4","5","85","4","4","1","13","74","49","16","32","1","1","1","3"
"47",47,"24","51","1","1","2","4","1","2","1","1","2","3","66","3","3","1","1","8","50","31","12","1","1","1","1"
"48",48,"24","45","1","2","1","1","3","4","1","2","5","4","65","5","4","1","1","16","27","39","37","1","1","1","3"
"49",49,"1","82","1","1","2","3","4","1","4","1","1","1","39","1","1","1","1","7","7","42","7","1","1","1","1"
"50",50,"48","25","1","1","2","1","4","1","1","1","1","1","24","1","1","1","1","38","2","61","2","1","1","1","1"
"51",51,"37","20","1","1","2","3","4","1","1","1","1","1","36","1","1","1","1","16","27","11","27","1","1","1","1"
"52",52,"44","20","1","1","1","1","3","1","1","1","4","5","16","4","4","1","1","59","6","2","8","6","1","1","3"
"53",53,"2","25","1","1","2","3","4","1","1","1","1","1","35","1","1","1","1","7","17","23","2","1","1","1","1"
"54",54,"32","13","1","1","2","3","4","1","1","1","2","1","47","1","1","1","1","16","64","28","26","1","1","1","1"
"55",55,"36","12","1","1","1","1","3","1","1","1","4","5","74","4","4","1","1","14","3","21","14","1","1","1","3"
"56",56,"8","70","1","1","1","1","3","1","1","1","4","5","62","4","4","1","1","52","18","11","18","1","1","1","1"
"57",57,"1","22","1","1","2","3","4","1","1","3","1","1","52","1","1","1","1","53","39","34","21","1","1","1","1"
"58",58,"47","9","1","1","1","1","3","1","1","1","4","5","52","4","4","1","1","3","5","52","16","1","1","1","1"
"59",59,"49","70","1","1","1","1","3","1","1","1","4","5","65","4","4","1","1","21","8","41","3","10","1","1","3"
"60",60,"11","24","1","1","4","4","1","2","1","1","2","3","20","3","3","1","1","37","32","4","9","1","1","1","1"
"61",61,"10","54","1","1","4","4","1","2","1","1","2","3","65","3","3","1","10","16","50","15","60","1","1","1","1"
"62",62,"8","70","1","1","2","3","4","1","4","3","1","1","9","1","1","1","1","22","31","35","4","1","1","1","1"
"63",63,"11","32","1","1","1","1","1","2","1","1","4","3","9","3","3","1","1","21","3","14","22","1","1","1","1"
"64",64,"2","82","1","1","1","1","3","1","1","1","4","5","38","4","4","1","1","7","15","2","3","1","1","1","1"
"65",65,"1","1","1","1","2","1","4","1","1","1","4","1","61","4","1","1","1","16","17","38","9","1","1","1","1"
"66",66,"40","32","1","1","2","1","1","1","1","1","2","5","32","4","1","1","1","7","61","50","1","1","1","1","1"
"67",67,"1","34","1","1","1","1","3","1","1","1","4","5","8","4","1","1","1","24","18","41","1","1","1","1","1"
"68",68,"2","20","1","1","1","1","3","1","1","1","4","5","2","4","4","1","1","3","66","11","15","1","1","1","1"
"69",69,"2","30","1","1","1","1","3","1","1","1","4","5","94","4","1","1","1","34","71","11","3","15","1","1","1"
"70",70,"31","5","1","1","2","3","4","1","1","1","2","1","14","1","1","1","1","53","47","21","28","1","1","1","1"
"71",71,"56","52","1","1","2","1","4","1","1","1","4","1","39","4","1","1","1","51","39","23","28","1","1","1","1"
"72",72,"21","20","1","1","2","3","4","1","1","1","1","1","60","1","1","1","1","13","27","62","25","1","1","1","1"
"73",73,"49","31","1","1","4","6","1","2","1","1","2","3","51","6","3","1","1","46","12","38","6","1","1","1","1"
"74",74,"35","55","1","1","2","3","4","1","1","1","1","1","45","1","1","1","1","29","30","58","25","1","1","1","1"
"75",75,"44","58","1","1","1","1","3","1","1","1","4","5","21","4","4","1","1","44","1","4","32","1","1","1","3"
"76",76,"2","31","1","1","1","1","3","1","1","1","4","5","19","4","4","1","1","45","48","21","20","1","1","1","1"
"77",77,"40","64","1","1","2","3","4","1","1","1","1","1","50","1","1","1","1","14","48","28","19","1","1","1","1"
"78",78,"26","35","1","1","4","4","1","2","1","1","2","3","2","3","3","1","1","7","59","54","9","1","1","1","1"
"79",79,"2","64","1","1","1","1","3","1","1","1","4","5","19","4","4","1","1","20","6","28","4","1","1","1","1"
"80",80,"15","19","1","1","1","4","1","2","1","1","2","3","78","6","3","3","1","38","65","12","5","1","1","1","1"
"81",81,"8","64","1","1","1","1","1","2","1","1","2","3","18","3","3","1","1","14","30","29","9","2","1","1","1"
"82",82,"29","6","1","1","1","1","1","2","1","1","2","5","38","1","1","1","1","20","26","8","26","1","1","1","1"
"83",83,"29","20","1","1","4","4","1","2","1","1","2","3","38","3","3","1","1","21","15","59","25","1","1","1","1"
"84",84,"8","75","1","1","4","4","3","2","1","1","2","3","65","3","3","1","1","7","37","4","22","1","1","1","1"
"85",85,"2","20","1","4","2","3","4","5","4","3","1","1","59","1","1","1","1","9","9","20","20","1","1","1","1"
"86",86,"31","39","1","1","1","1","3","1","1","1","4","5","14","4","4","1","1","2","33","39","19","1","1","1","1"
"87",87,"2","42","1","1","1","1","3","1","1","1","4","5","48","4","4","1","1","45","59","13","56","1","1","1","1"
"88",88,"29","42","1","1","1","1","3","1","1","1","4","5","84","4","4","1","1","68","25","39","26","1","1","1","1"
"89",89,"31","54","1","1","4","4","1","2","1","1","2","3","46","3","3","1","20","67","77","9","8","1","1","1","1"
"90",90,"22","8","1","1","4","4","1","2","1","1","2","3","65","3","3","1","14","43","23","3","2","1","1","1","1"
"91",91,"24","33","1","1","2","1","3","1","1","1","4","5","22","1","1","1","1","75","29","25","13","1","1","1","1"
"92",92,"48","29","1","1","4","4","1","2","1","1","2","3","42","3","3","1","1","28","5","50","4","1","1","1","1"
"93",93,"2","18","1","1","2","3","4","1","1","1","1","1","14","1","1","1","1","38","8","49","20","1","1","1","1"
"94",94,"13","65","1","1","2","3","4","5","4","3","1","1","22","1","1","3","1","13","31","28","24","1","1","1","1"
"95",95,"51","61","2","2","3","2","2","3","2","2","5","4","36","2","2","1","1","30","8","49","17","1","1","2","2"
"96",96,"42","61","1","1","1","1","3","1","1","1","4","5","49","4","4","1","1","16","18","8","20","1","1","1","1"
"97",97,"2","1","1","1","1","1","3","1","1","1","4","5","17","4","4","1","1","18","38","5","22","1","1","1","3"
"98",98,"4","34","1","1","4","4","1","2","1","1","2","3","49","3","3","1","1","67","8","29","9","1","1","1","1"
"99",99,"34","15","1","1","2","4","1","2","1","1","2","3","80","1","3","1","1","7","31","8","8","1","1","1","1"
"100",100,"23","15","1","1","2","3","4","5","1","3","1","1","5","1","1","3","23","60","29","25","3","1","1","1","1"
"101",101,"52","57","3","2","3","2","2","3","3","4","5","4","59","5","2","1","17","10","48","4","6","1","1","2","4"
"102",102,"36","8","1","1","2","3","4","2","1","1","2","1","59","1","1","1","1","13","36","35","33","1","1","1","1"
"103",103,"33","45","4","2","3","1","2","3","3","5","5","4","77","5","5","1","1","16","11","14","5","1","1","2","5"
"104",104,"42","14","1","1","1","1","3","1","1","1","4","5","3","4","5","1","1","19","6","13","13","1","1","1","1"
"105",105,"2","57","1","1","2","3","4","1","1","1","1","1","15","1","1","1","1","9","6","60","25","1","1","1","1"
"106",106,"22","19","1","1","4","6","1","2","1","1","2","3","64","6","3","1","1","19","44","61","4","1","1","1","1"
"107",107,"16","65","1","1","1","1","3","1","1","1","4","5","72","4","4","1","1","48","26","15","1","1","1","1","1"
"108",108,"58","38","1","1","1","1","3","1","1","1","4","5","48","4","4","1","1","67","6","44","25","1","1","1","3"
"109",109,"2","13","3","3","5","5","5","4","3","4","5","4","49","5","4","1","1","9","11","69","31","1","1","3","4"
"110",110,"27","65","1","1","4","4","1","1","1","1","2","3","5","3","1","1","1","17","24","27","1","1","1","1","1"
"111",111,"4","9","2","2","3","2","2","3","3","2","5","4","48","2","2","1","1","47","2","22","18","1","1","2","2"
"112",112,"2","52","1","1","1","1","3","1","1","1","4","5","94","4","4","1","1","36","10","43","31","1","1","1","3"
"113",113,"34","78","1","4","2","3","4","5","4","3","1","1","12","1","1","3","1","34","47","9","6","1","1","1","1"
"114",114,"18","89","1","1","1","1","3","1","1","1","4","5","10","4","4","1","8","25","3","27","24","1","1","1","1"
"115",115,"10","85","1","1","4","4","1","2","1","1","2","3","14","3","3","1","1","74","8","29","9","1","1","1","1"
"116",116,"17","15","1","1","4","6","1","2","1","1","2","3","53","6","3","1","1","44","42","43","4","1","1","1","1"
"117",117,"13","34","1","1","2","3","4","1","1","1","1","1","51","1","1","1","1","8","64","30","14","1","1","1","1"
"118",118,"25","17","1","1","2","3","4","2","1","1","2","1","47","1","3","1","3","22","19","23","23","1","1","1","1"
"119",119,"2","77","1","1","1","1","3","1","1","1","4","5","84","4","4","1","1","5","33","2","2","1","1","1","3"
"120",120,"1","72","1","1","2","3","4","2","1","1","1","1","14","1","1","1","1","5","26","46","6","1","1","1","1"
"121",121,"2","59","1","1","2","1","4","1","1","1","4","1","32","1","1","1","10","8","33","52","20","1","1","1","1"
"122",122,"6","11","2","2","3","2","2","3","2","2","3","2","84","6","5","1","4","33","40","21","9","1","1","2","2"
"123",123,"10","12","1","1","4","4","1","2","1","1","2","3","11","3","3","1","1","5","28","8","3","1","1","1","1"
"124",124,"47","22","1","1","2","3","4","2","1","1","1","1","66","1","1","1","1","37","22","60","2","1","1","1","1"
"125",125,"1","23","1","1","2","3","4","1","1","1","1","1","6","1","1","1","1","46","38","35","40","1","1","1","1"
"126",126,"4","12","2","2","3","2","2","3","2","2","5","4","24","2","2","1","1","20","13","27","10","1","1","2","2"
"127",127,"1","67","1","1","1","1","3","1","1","1","4","5","14","4","3","1","1","10","52","2","31","2","1","1","1"
"128",128,"29","36","1","1","2","4","1","2","1","1","2","1","56","1","1","1","3","35","33","45","5","1","1","1","1"
"129",129,"27","50","1","1","1","1","3","1","1","1","4","5","49","4","4","1","1","17","44","22","2","1","1","1","1"
"130",130,"1","78","1","1","2","3","4","5","4","3","1","1","6","1","1","3","3","45","19","32","47","1","1","1","1"
"131",131,"13","77","2","2","3","2","2","3","2","2","5","4","5","2","2","1","1","25","70","9","21","1","1","2","2"
"132",132,"27","78","1","4","8","3","4","5","4","3","1","1","31","1","1","1","1","37","44","46","34","1","1","1","1"
"133",133,"16","88","1","1","2","1","4","1","1","1","4","1","22","1","1","1","1","61","35","76","33","1","1","1","1"
"134",134,"41","58","1","1","4","4","1","2","1","1","2","3","10","3","3","1","1","45","70","21","42","1","1","1","1"
"135",135,"1","4","2","2","3","2","2","3","2","2","3","2","67","2","2","1","1","61","44","1","10","1","1","2","2"
"136",136,"1","29","1","2","1","1","3","1","3","2","5","5","1","5","4","1","3","32","66","1","42","1","1","2","3"
"137",137,"4","39","1","1","4","4","1","2","1","1","2","3","71","3","3","1","1","37","10","35","18","1","1","1","1"
"138",138,"44","24","1","1","2","3","4","1","1","1","1","1","67","1","1","1","9","2","19","23","1","1","1","1","1"
"139",139,"8","19","1","1","1","1","3","1","1","1","4","5","75","4","4","1","1","2","50","34","30","1","1","1","3"
"140",140,"57","11","2","2","3","2","2","3","2","2","5","4","42","2","2","1","1","49","62","32","27","1","1","2","2"
"141",141,"7","19","2","2","3","2","2","3","2","2","3","2","49","2","2","1","1","4","61","55","19","1","1","2","2"
"142",142,"8","47","1","1","4","4","1","2","1","1","2","3","21","3","3","1","1","8","6","46","29","1","1","1","1"
"143",143,"8","10","4","2","3","2","2","3","2","2","5","4","62","2","2","1","10","8","13","42","47","1","1","2","2"
"144",144,"7","10","1","2","4","6","1","2","2","1","2","3","32","6","3","2","2","26","6","53","8","1","1","1","1"
"145",145,"8","68","1","1","4","1","1","1","1","1","4","5","4","3","1","1","1","57","72","46","24","1","1","1","1"
"146",146,"7","93","1","1","4","6","1","2","1","1","2","3","11","6","3","1","1","16","13","50","44","1","1","1","1"
"147",147,"4","50","1","1","4","4","1","2","1","1","2","3","1","3","3","1","1","40","6","23","12","1","1","1","1"
"148",148,"13","50","2","2","3","2","2","3","2","2","5","2","88","5","2","1","1","9","72","19","2","1","1","2","2"
"149",149,"4","50","4","2","3","2","2","3","3","5","5","4","63","5","2","1","1","74","33","8","47","1","1","2","5"
"150",150,"44","11","1","1","4","4","1","2","1","1","2","3","6","3","3","1","1","9","22","26","2","1","1","1","1"
"151",151,"4","35","3","3","5","5","5","4","3","4","5","4","8","5","5","1","1","13","7","24","44","1","1","3","4"
"152",152,"44","41","1","1","2","4","1","2","1","1","2","3","25","3","3","1","1","40","68","50","16","1","1","1","1"
"153",153,"1","11","2","2","3","2","2","3","2","2","5","4","29","2","2","1","2","76","17","21","6","1","1","2","2"
"154",154,"44","4","1","1","4","4","1","2","1","1","2","3","49","3","3","1","1","15","9","50","27","1","1","1","1"
"155",155,"37","42","2","2","3","2","2","3","2","2","5","4","62","2","2","1","1","70","29","59","16","1","1","2","2"
"156",156,"30","28","2","2","3","2","2","3","2","2","3","2","8","2","2","1","2","69","35","32","44","1","1","2","2"
"157",157,"51","45","1","1","1","1","3","1","1","1","4","5","27","4","4","1","1","56","20","32","10","1","1","1","1"
"158",158,"2","59","1","3","1","5","1","2","3","1","2","3","55","6","3","1","1","35","75","32","27","1","1","1","1"
"159",159,"62","11","1","2","4","6","1","2","1","1","2","3","59","6","3","1","23","17","26","27","10","1","1","1","1"
"160",160,"10","32","1","1","1","1","3","1","1","1","4","5","80","4","4","1","1","77","42","43","13","1","1","1","1"
"161",161,"4","45","2","2","3","2","2","3","2","2","3","2","22","2","2","1","1","52","65","23","13","1","1","2","2"
"162",162,"9","33","3","6","1","1","3","4","3","5","5","4","75","5","4","1","23","28","25","5","19","10","1","1","5"
"163",163,"10","67","1","2","1","1","3","1","3","5","5","4","58","5","5","1","1","52","7","31","30","1","1","2","5"
"164",164,"4","44","1","1","3","2","5","4","3","4","5","3","27","5","5","1","1","35","62","10","25","1","1","1","4"
"165",165,"1","69","1","2","3","2","2","3","1","2","3","2","50","6","2","1","14","53","5","42","21","1","1","2","2"
"166",166,"3","29","4","2","3","2","2","3","2","2","5","4","25","2","2","1","1","57","28","9","2","1","1","2","2"
"167",167,"21","85","1","1","1","1","3","1","3","1","5","4","42","5","4","1","1","29","16","43","2","1","1","1","3"
"168",168,"23","68","1","1","2","1","4","1","1","1","1","5","11","1","1","1","1","57","26","22","54","1","1","1","1"
"169",169,"8","10","2","2","3","2","2","3","2","2","3","2","74","2","2","1","21","29","25","19","17","1","1","2","2"
"170",170,"17","49","2","2","3","2","2","3","2","2","3","2","58","2","2","1","16","62","6","35","40","1","1","2","2"
"171",171,"11","56","1","1","4","4","1","2","1","1","2","3","13","3","3","1","1","23","64","11","22","1","1","1","1"
"172",172,"41","17","1","1","4","4","1","2","1","1","2","3","42","3","3","1","1","10","62","70","24","1","1","1","1"
"173",173,"56","77","1","1","2","3","4","1","4","1","1","1","78","1","1","1","9","46","7","19","48","1","1","1","1"
"174",174,"15","89","4","2","3","1","3","4","3","5","5","4","9","5","4","1","1","26","11","21","40","1","1","2","5"
"175",175,"2","59","1","1","4","6","1","2","1","1","2","3","67","6","3","1","1","65","69","7","23","1","1","1","1"
"176",176,"2","46","1","2","4","6","1","3","1","1","2","3","20","6","3","1","1","9","52","9","48","1","1","1","1"
"177",177,"2","62","1","1","1","1","3","1","1","1","4","5","16","4","4","1","1","17","3","48","26","1","1","1","3"
"178",178,"16","29","1","2","3","2","2","2","2","5","5","4","35","6","3","1","1","24","3","36","36","1","1","7","2"
"179",179,"4","45","1","1","1","1","3","1","1","1","4","5","59","4","4","1","1","42","64","26","60","1","1","1","3"
"180",180,"4","59","1","1","1","1","3","1","1","1","4","5","12","4","4","1","1","9","8","15","25","1","1","1","3"
"181",181,"4","65","2","2","3","6","1","2","1","1","2","3","67","6","3","1","1","1","57","45","26","1","1","2","1"
"182",182,"8","57","1","1","1","1","3","1","1","1","4","4","73","4","4","1","1","40","10","26","36","1","1","1","3"
"183",183,"2","8","2","2","3","2","2","3","2","2","3","2","94","2","2","1","1","59","74","19","6","1","1","2","2"
"184",184,"2","88","1","1","1","1","3","1","1","4","4","5","38","5","4","1","1","39","16","42","19","1","1","1","3"
"185",185,"2","61","1","1","2","1","4","1","1","1","4","1","4","1","1","1","1","12","33","11","4","1","1","1","1"
"186",186,"2","50","1","1","4","6","1","2","1","1","2","3","9","6","3","1","1","9","12","59","9","1","1","1","1"
"187",187,"33","23","3","3","5","5","5","4","3","4","5","4","30","5","5","1","1","31","22","19","31","1","1","3","4"
"188",188,"59","6","1","1","1","1","3","1","1","1","4","5","27","4","4","1","1","59","33","4","21","1","1","1","1"
"189",189,"59","73","1","1","4","4","1","2","1","1","2","3","5","3","3","1","1","45","13","22","30","1","1","1","1"
"190",190,"18","45","1","1","4","4","1","2","1","1","2","3","9","3","3","1","1","78","12","62","5","1","1","1","1"
"191",191,"1","57","1","1","4","4","1","2","1","1","2","3","30","3","3","1","1","18","59","4","30","1","1","1","1"
"192",192,"16","23","1","1","4","4","1","2","1","1","2","3","47","3","3","1","1","46","54","35","6","1","1","1","1"
"193",193,"16","15","1","1","4","4","1","2","1","1","2","3","59","3","3","1","1","9","29","44","18","11","1","1","1"
"194",194,"16","1","1","1","2","3","4","2","1","1","2","1","38","1","1","5","3","71","5","37","7","1","1","1","1"
"195",195,"2","1","1","4","2","3","4","5","4","3","1","1","48","1","1","1","1","70","19","37","2","3","1","1","1"
"196",196,"13","52","1","1","1","1","3","1","1","1","4","5","14","4","4","1","1","16","17","35","35","1","1","1","3"
"197",197,"1","39","1","4","2","3","4","5","4","3","1","1","58","1","1","3","3","48","55","63","1","1","1","1","1"
"198",198,"1","59","1","1","2","3","4","1","1","1","2","1","66","3","1","1","3","10","36","4","29","1","1","1","1"
"199",199,"5","87","1","1","1","1","3","1","1","1","4","5","2","4","4","3","23","21","54","12","12","15","1","1","1"
"200",200,"2","10","1","4","2","3","4","5","4","3","1","1","26","1","1","3","3","6","17","60","22","1","1","1","1"
"201",201,"13","60","1","4","2","3","4","5","4","3","1","1","53","1","1","3","3","6","46","47","23","1","1","1","1"
"202",202,"21","51","2","2","3","2","6","2","1","1","3","4","68","3","5","1","1","49","37","13","16","1","1","2","2"
"203",203,"26","52","1","1","1","1","2","1","1","1","4","5","39","4","4","1","1","65","22","4","22","1","1","1","3"
"204",204,"37","52","2","2","3","2","2","3","2","2","3","2","14","2","2","1","1","15","10","50","5","1","1","2","2"
"205",205,"1","75","1","1","1","1","3","1","1","1","4","5","63","4","4","1","1","23","34","23","33","1","1","1","3"
"206",206,"4","49","2","2","3","2","5","3","2","2","5","2","25","2","2","2","1","12","32","47","2","1","1","2","2"
"207",207,"1","28","4","2","3","2","2","3","2","2","5","4","17","5","2","1","1","22","49","8","23","1","1","2","2"
"208",208,"3","42","1","3","5","5","5","4","3","1","5","4","68","5","3","1","11","15","52","31","10","1","1","3","4"
"209",209,"1","42","1","1","1","1","3","1","1","1","4","5","48","4","4","1","1","15","6","54","2","1","1","1","1"
"210",210,"3","10","1","1","2","3","4","1","1","1","2","1","73","1","1","1","1","25","13","5","19","1","1","1","1"
"211",211,"41","57","2","2","3","2","2","3","2","2","3","2","41","2","2","1","2","21","9","75","16","1","1","2","2"
"212",212,"4","16","1","1","2","3","4","2","1","1","2","3","94","3","1","1","1","12","43","45","2","4","1","1","1"
"213",213,"32","28","2","2","3","2","2","3","2","2","3","2","10","2","2","2","1","43","9","46","4","1","1","2","2"
"214",214,"4","39","2","2","3","2","2","3","2","2","3","2","58","2","2","2","2","10","13","20","23","1","1","2","2"
"215",215,"32","38","2","2","3","2","2","3","2","2","3","2","45","2","2","1","14","34","14","36","9","1","1","2","2"
"216",216,"52","62","1","1","4","6","1","2","1","1","2","3","3","6","3","1","1","49","7","63","4","1","1","1","1"
"217",217,"27","32","3","3","5","5","5","4","3","4","5","4","22","5","5","1","5","61","9","21","11","1","1","3","4"
"218",218,"2","32","1","1","4","4","1","2","1","1","2","3","60","3","3","1","14","7","72","25","16","1","1","1","1"
"219",219,"11","17","3","2","3","1","2","4","3","5","5","4","58","5","5","1","1","6","30","13","15","1","1","2","5"
"220",220,"2","46","4","2","3","2","2","3","3","5","5","4","6","5","2","1","13","23","30","32","6","12","1","2","5"
"221",221,"4","9","1","1","1","1","1","2","1","1","4","3","77","4","3","1","1","2","31","10","58","1","1","1","1"
"222",222,"2","78","1","1","1","1","3","1","1","1","4","5","16","4","4","1","1","10","35","8","10","22","1","1","1"
"223",223,"48","39","1","1","1","1","1","2","1","1","2","3","20","6","3","1","2","38","71","60","15","1","1","1","1"
"224",224,"1","2","1","1","4","4","1","2","1","1","2","3","32","6","3","1","1","19","3","30","34","1","1","1","1"
"225",225,"18","75","1","1","4","4","1","2","1","1","2","3","29","3","3","1","1","6","3","4","32","1","1","1","1"
"226",226,"16","46","2","2","3","2","2","3","2","2","5","2","22","2","2","1","1","23","7","5","13","1","1","2","2"
"227",227,"8","46","1","1","1","1","1","1","1","1","2","5","20","4","3","1","13","49","21","5","11","1","1","9","1"
"228",228,"2","8","1","1","1","5","1","2","1","1","2","3","14","6","3","1","1","1","23","1","2","1","1","1","1"
"229",229,"1","56","1","1","2","1","4","1","1","1","1","1","8","1","1","1","1","19","2","27","43","1","1","1","1"
"230",230,"49","79","1","1","4","4","1","2","1","1","2","3","9","3","3","1","1","16","23","4","27","1","1","1","1"
"231",231,"15","79","1","4","2","3","4","5","4","3","1","1","44","1","1","1","13","67","43","15","15","1","1","1","1"
"232",232,"10","19","1","4","2","3","4","5","4","3","1","1","46","1","1","1","1","49","10","7","9","1","1","1","1"
"233",233,"2","19","1","1","1","1","3","1","1","1","4","5","47","4","4","1","1","24","26","63","2","1","1","1","3"
"234",234,"15","25","1","1","1","1","3","1","1","1","4","5","11","4","4","1","1","70","2","60","45","1","1","1","1"
"235",235,"2","25","1","1","4","4","1","2","1","1","2","3","49","3","3","1","13","42","74","14","27","1","1","1","1"
"236",236,"25","49","1","1","1","1","3","1","1","1","4","5","26","4","4","1","1","50","70","74","2","1","1","1","3"
"237",237,"27","51","2","2","4","6","1","2","1","1","2","3","48","6","3","1","9","52","11","20","25","1","1","3","1"
"238",238,"2","33","1","1","1","1","3","1","1","1","4","5","3","4","4","1","1","6","75","12","13","1","1","1","1"
"239",239,"25","57","2","2","3","6","1","2","1","1","2","3","41","6","8","1","13","64","1","21","19","1","1","2","1"
"240",240,"25","21","1","1","2","3","4","1","1","1","1","1","63","1","1","1","23","30","11","8","4","1","1","1","1"
"241",241,"27","34","1","1","1","1","3","1","1","1","4","5","25","4","4","1","1","79","2","11","11","1","1","1","3"
"242",242,"46","46","3","3","5","5","5","4","3","4","5","4","3","5","5","1","1","60","22","2","35","1","1","3","4"
"243",243,"11","20","1","1","4","4","1","2","1","1","2","3","3","3","3","1","1","60","4","55","12","1","1","1","1"
"244",244,"25","89","2","2","3","2","2","3","2","2","3","2","90","2","2","1","1","30","29","68","2","1","1","2","2"
"245",245,"24","42","1","1","2","3","4","5","4","3","1","1","25","1","1","1","1","20","44","8","23","1","1","1","1"
"246",246,"52","42","1","1","4","4","1","2","1","1","2","3","14","3","3","1","1","7","41","41","15","1","1","1","1"
"247",247,"47","24","1","1","2","3","4","5","4","3","1","1","4","1","1","1","1","16","24","42","42","1","1","1","1"
"248",248,"7","39","1","1","2","1","4","1","1","1","4","1","22","1","1","1","15","75","3","59","11","1","1","1","1"
"249",249,"23","34","1","1","1","1","6","1","1","1","4","5","8","4","4","1","1","28","9","31","5","1","1","1","3"
"250",250,"24","36","1","1","4","1","1","2","1","1","2","3","59","3","4","1","1","20","42","24","3","1","1","1","1"
"251",251,"35","10","1","1","1","1","3","1","1","1","4","5","10","4","4","1","1","46","37","42","25","7","1","1","3"
"252",252,"42","36","3","3","5","5","5","4","3","4","5","4","22","5","2","1","1","15","40","18","47","1","1","2","4"
"253",253,"7","14","1","1","4","4","1","2","1","1","2","3","78","6","3","6","1","15","6","17","16","1","1","1","1"
"254",254,"11","36","1","1","1","1","3","1","1","1","4","5","22","4","4","1","1","8","26","44","16","1","1","1","1"
"255",255,"2","11","4","3","3","1","2","4","3","5","5","4","68","5","4","1","1","13","36","5","28","1","1","2","4"
"256",256,"10","48","1","1","4","4","1","2","1","1","2","3","22","3","3","1","1","42","28","2","9","1","1","1","1"
"257",257,"17","39","1","1","2","3","4","2","1","1","1","1","75","1","1","1","1","34","7","38","9","1","1","1","1"
"258",258,"11","38","1","1","2","1","4","1","1","1","4","5","11","1","1","1","1","42","40","9","34","1","1","1","1"
"259",259,"11","36","1","2","1","1","3","4","1","1","4","4","55","5","4","1","1","77","63","74","34","1","1","1","3"
"260",260,"2","46","3","3","5","2","2","4","3","2","5","4","49","2","2","1","1","74","63","25","20","1","1","9","2"
"261",261,"21","80","1","1","4","6","1","2","1","1","2","3","75","6","3","1","1","15","71","3","20","1","1","1","1"
"262",262,"17","42","1","2","4","6","1","2","1","1","2","3","9","6","3","1","1","16","8","9","3","1","1","1","1"
"263",263,"7","24","1","1","4","4","1","2","1","1","2","3","72","3","3","1","1","9","8","2","15","1","1","1","1"
"264",264,"11","80","1","1","4","6","1","2","1","1","2","3","49","3","3","1","1","64","22","65","29","1","1","1","1"
"265",265,"29","80","1","1","1","1","3","1","1","1","4","5","40","4","4","1","1","38","5","10","30","1","1","1","3"
"266",266,"37","42","1","1","4","4","1","2","1","1","2","3","31","3","3","1","1","72","26","7","3","1","1","1","1"
"267",267,"11","1","1","1","4","4","1","2","1","1","2","3","53","3","3","1","1","28","29","16","46","1","1","1","1"
"268",268,"21","42","2","2","3","2","2","3","2","2","5","4","11","2","2","1","1","19","52","44","24","1","1","2","2"
"269",269,"2","39","1","1","2","3","4","1","1","1","1","1","14","1","1","1","1","51","78","71","30","1","1","1","1"
"270",270,"49","25","1","1","4","4","1","2","1","1","2","1","58","1","1","1","5","73","27","4","17","1","1","1","1"
"271",271,"12","27","3","2","3","2","2","3","3","5","5","4","3","5","2","1","1","4","13","14","26","1","1","3","4"
"272",272,"56","49","1","1","2","4","1","2","1","1","2","3","3","3","3","1","3","4","34","14","26","1","1","1","1"
"273",273,"1","8","1","1","1","1","3","1","1","1","4","5","63","4","4","1","1","46","40","54","7","1","1","1","3"
"274",274,"2","58","2","2","3","2","2","3","2","2","3","2","36","2","2","1","1","61","42","23","53","1","1","2","2"
"275",275,"30","68","1","1","4","6","1","2","1","1","2","3","21","3","3","1","1","6","23","14","13","1","1","1","1"
"276",276,"12","51","1","4","2","3","4","5","4","3","1","1","85","1","1","1","3","28","22","54","23","1","1","1","1"
"277",277,"40","41","1","1","1","1","1","1","1","1","2","3","47","3","3","1","1","54","13","39","4","1","1","1","1"
"278",278,"9","9","1","1","4","4","1","2","1","1","2","3","37","3","3","1","1","6","48","41","7","1","1","1","1"
"279",279,"45","18","1","1","1","1","3","1","1","1","4","5","49","4","4","1","1","18","52","62","19","1","1","1","3"
"280",280,"17","54","1","1","1","1","3","1","1","1","4","5","3","4","4","1","1","6","39","47","13","1","1","1","1"
"281",281,"58","58","2","2","3","2","1","3","2","2","3","3","53","6","3","1","5","30","1","1","20","1","1","2","2"
"282",282,"35","57","1","1","1","1","3","3","3","1","4","4","58","4","5","1","2","19","32","21","37","1","1","1","3"
"283",283,"26","89","1","1","1","1","3","1","1","1","4","5","71","4","4","1","1","55","77","4","43","1","1","1","3"
"284",284,"56","79","1","2","4","6","1","2","1","1","3","3","84","6","2","1","1","8","15","72","19","1","1","2","1"
"285",285,"59","80","2","2","3","2","2","3","3","2","5","4","11","5","2","1","1","55","11","45","1","1","1","2","2"
"286",286,"57","80","4","5","3","2","2","3","2","2","5","4","25","2","2","1","1","38","27","14","1","1","1","2","2"
"287",287,"10","58","1","2","4","6","1","2","1","1","2","3","88","6","3","1","1","15","8","49","13","1","1","2","1"
"288",288,"62","62","1","1","4","4","1","2","1","1","2","3","77","3","3","1","1","59","52","21","49","1","1","1","1"
"289",289,"55","35","2","2","3","2","2","3","2","2","5","2","38","2","2","1","1","57","43","30","2","1","1","2","2"
"290",290,"2","35","1","1","4","4","1","2","1","1","2","3","36","3","3","1","1","9","21","14","13","1","1","1","1"
"291",291,"31","12","1","1","4","4","1","2","1","1","2","3","52","3","1","1","1","24","14","24","2","1","1","1","1"
"292",292,"8","35","1","2","4","6","1","2","1","1","2","3","63","6","3","1","1","30","74","13","16","1","1","1","1"
"293",293,"2","87","3","3","5","5","5","4","3","4","5","4","39","5","5","1","1","10","73","55","3","1","1","3","4"
"294",294,"25","29","1","1","1","1","3","1","1","1","4","5","36","4","4","1","1","38","41","2","5","1","1","1","3"
"295",295,"26","9","3","3","5","5","5","4","3","4","5","4","41","5","5","1","1","25","2","35","45","1","1","3","4"
"296",296,"51","16","3","3","5","5","5","4","3","4","5","4","55","5","5","1","1","7","29","8","10","22","1","3","4"
"297",297,"32","18","1","1","4","4","1","2","1","1","2","3","58","3","3","1","1","28","45","10","6","1","1","1","1"
"298",298,"22","77","1","1","1","1","3","1","1","1","4","5","63","4","4","1","1","26","23","29","25","1","1","1","1"
"299",299,"44","13","3","3","5","5","5","4","3","4","5","4","36","5","5","1","1","6","54","4","15","1","1","3","4"
"300",300,"38","32","1","1","4","4","1","2","1","1","2","3","71","3","3","1","1","58","59","71","20","1","1","1","1"
"301",301,"1","14","1","1","4","4","1","2","1","1","2","3","55","3","3","1","1","8","49","32","4","1","1","1","1"
"302",302,"52","69","1","1","4","4","1","2","1","1","2","3","14","3","3","1","1","6","30","33","19","1","1","1","1"
"303",303,"30","75","1","1","1","1","3","1","1","1","4","5","48","4","4","1","1","37","1","20","8","1","1","1","1"
"304",304,"32","22","4","1","1","1","3","1","1","1","4","5","46","4","4","1","1","9","49","59","20","1","1","8","3"
"305",305,"13","52","1","1","1","1","3","1","1","1","4","5","39","4","4","1","1","52","30","9","12","1","1","1","1"
"306",306,"24","22","1","1","4","4","1","2","1","1","2","3","48","3","3","1","1","34","41","16","30","1","1","1","1"
"307",307,"52","27","1","1","1","1","3","1","1","1","4","5","69","4","4","1","8","6","4","16","22","1","1","1","3"
"308",308,"58","29","1","1","4","1","1","2","1","1","4","3","73","6","3","12","1","26","52","55","46","1","1","1","1"
"309",309,"21","10","1","1","4","4","1","2","1","1","2","3","49","3","3","1","1","10","68","26","3","1","1","1","1"
"310",310,"1","41","1","1","1","1","3","1","1","1","4","5","74","4","4","1","1","37","55","45","48","1","1","1","3"
"311",311,"2","82","1","1","2","3","4","1","1","1","1","1","67","1","1","1","1","10","22","34","12","1","1","1","1"
"312",312,"4","58","1","1","4","6","1","2","1","1","2","3","74","6","3","1","20","35","24","72","25","1","1","1","1"
"313",313,"37","46","1","1","4","4","1","2","1","1","2","3","67","3","3","1","1","28","32","15","2","1","1","1","1"
"314",314,"9","58","1","1","2","3","4","5","4","3","1","1","68","1","1","1","3","23","27","54","1","1","1","1","1"
"315",315,"2","35","1","1","2","3","4","1","1","1","1","1","59","1","7","1","1","49","19","32","5","1","1","1","1"
"316",316,"2","58","1","1","4","4","1","2","1","1","2","3","52","3","3","1","1","54","68","47","22","1","1","1","1"
"317",317,"2","40","1","1","1","1","1","1","1","1","2","3","27","6","3","1","1","70","33","14","8","1","1","1","1"
"318",318,"38","34","1","1","2","3","4","1","4","3","1","1","38","1","1","1","1","38","61","75","6","1","1","1","1"
"319",319,"4","71","1","1","2","3","4","1","4","1","1","1","77","1","1","1","1","42","40","32","13","1","1","1","1"
"320",320,"53","64","1","1","2","3","4","5","4","3","1","1","31","1","1","1","1","39","1","74","8","1","1","1","1"
"321",321,"37","71","1","1","1","1","3","1","1","1","4","5","52","4","4","1","4","55","8","44","16","1","1","1","3"
"322",322,"22","88","3","1","1","1","3","1","1","1","4","4","65","5","4","1","21","14","8","56","2","1","1","1","3"
"323",323,"38","41","1","1","2","3","4","1","1","1","1","1","11","1","1","1","2","4","39","5","35","1","1","1","1"
"324",324,"35","19","2","2","3","2","2","3","2","2","5","4","21","2","2","1","1","47","16","26","13","1","1","2","2"
"325",325,"41","79","2","2","3","2","2","4","3","2","5","4","53","5","2","1","4","28","15","4","11","11","1","2","4"
"326",326,"4","51","1","1","4","4","1","2","1","1","2","3","50","3","3","1","1","55","3","25","23","1","1","1","1"
"327",327,"15","50","1","1","1","4","1","2","1","1","2","3","31","3","3","1","1","39","29","49","5","1","1","1","1"
"328",328,"63","88","1","1","4","4","1","2","1","1","2","3","20","3","3","1","1","64","24","28","1","1","1","1","1"
"329",329,"35","39","4","2","3","2","2","3","3","5","5","4","59","5","5","1","1","25","25","49","41","1","1","2","5"
"330",330,"37","68","1","1","4","4","1","2","1","1","2","3","93","3","3","1","1","3","30","33","16","1","1","1","1"
"331",331,"8","74","1","1","1","1","3","1","1","1","4","5","89","4","1","1","1","9","31","14","30","1","1","1","1"
"332",332,"59","35","1","1","2","3","4","2","1","1","2","3","9","1","1","1","1","66","55","49","7","1","1","1","1"
"333",333,"2","49","1","1","4","1","1","2","1","1","5","3","2","3","3","1","1","64","29","16","27","1","1","1","1"
"334",334,"58","49","1","1","1","1","3","1","1","1","4","5","93","4","4","1","1","8","28","10","35","1","1","1","3"
"335",335,"21","59","1","1","2","3","4","1","1","1","1","1","55","1","1","1","12","7","15","20","27","1","1","1","1"
"336",336,"26","50","2","2","3","2","2","3","2","2","3","2","10","2","2","1","1","35","27","34","18","1","1","2","2"
"337",337,"59","25","1","1","4","4","1","2","1","1","2","3","36","3","3","1","1","20","61","58","8","2","1","1","1"
"338",338,"2","46","1","2","1","1","3","1","1","1","5","4","73","4","4","1","1","35","9","48","20","2","1","1","3"
"339",339,"7","88","1","1","1","1","3","1","1","1","4","5","11","4","4","1","12","46","11","63","20","1","1","1","3"
"340",340,"4","12","3","3","5","5","5","4","3","4","5","4","36","5","5","1","1","64","7","13","1","1","1","3","4"
"341",341,"2","29","1","1","2","3","4","1","1","1","1","1","6","1","1","1","1","30","17","13","56","1","1","1","1"
"342",342,"49","42","1","1","4","4","1","2","1","1","2","3","59","3","3","1","1","3","27","25","17","1","1","1","1"
"343",343,"52","56","1","1","4","6","1","2","1","1","2","3","10","6","3","1","1","10","39","37","17","1","1","1","1"
"344",344,"35","64","1","1","4","1","1","2","1","1","2","3","6","6","3","1","6","17","79","29","30","22","1","1","1"
"345",345,"29","62","1","1","4","4","1","2","1","1","2","3","30","3","3","1","1","76","56","76","41","1","1","1","1"
"346",346,"2","59","2","2","3","2","2","3","2","2","3","2","10","2","2","1","1","3","76","4","5","1","1","2","2"
"347",347,"12","29","1","1","1","1","3","1","1","1","4","5","52","4","4","1","1","44","16","23","12","1","1","1","1"
"348",348,"29","42","1","1","1","1","1","1","1","1","4","5","6","4","3","1","1","44","49","7","5","1","1","1","1"
"349",349,"2","34","1","1","4","6","1","2","1","1","2","3","46","6","3","1","13","41","25","15","27","1","1","1","1"
"350",350,"62","42","1","1","4","6","1","2","1","1","2","3","52","3","3","1","1","21","42","28","10","1","1","1","1"
"351",351,"29","12","1","1","4","4","1","2","1","1","2","3","12","3","3","1","1","64","16","57","8","1","1","1","1"
"352",352,"4","31","1","1","1","1","3","1","1","1","4","5","46","4","4","1","1","27","12","61","47","1","1","1","1"
"353",353,"56","9","1","1","1","1","3","1","1","1","4","5","66","4","4","1","1","58","58","52","19","1","1","1","3"
"354",354,"7","69","1","1","1","1","3","1","1","1","4","5","24","4","4","1","20","18","12","58","21","1","1","1","1"
"355",355,"31","67","1","1","2","3","4","5","1","3","1","1","50","1","1","1","1","27","60","39","1","1","1","1","1"
"356",356,"2","15","1","6","1","1","3","1","1","1","5","4","47","5","3","1","1","3","27","1","35","6","1","1","3"
"357",357,"32","56","1","1","1","1","3","1","1","1","4","5","26","4","4","1","2","41","58","15","12","1","1","1","3"
"358",358,"60","69","2","2","3","2","2","3","2","2","3","4","20","6","2","1","9","58","75","3","8","1","1","2","2"
"359",359,"12","82","1","1","1","1","3","1","1","1","4","5","50","4","4","1","1","19","72","70","5","1","1","1","3"
"360",360,"31","61","1","1","4","4","1","2","1","1","2","3","12","3","3","1","1","38","8","40","2","1","1","1","1"
"361",361,"5","62","1","1","1","1","3","1","1","1","4","5","2","4","1","1","1","36","63","70","52","1","1","1","1"
"362",362,"4","62","2","2","3","2","2","3","2","2","5","4","16","2","2","1","4","3","60","19","4","1","1","2","2"
"363",363,"40","74","1","1","4","4","1","2","1","1","2","3","15","3","3","1","2","8","56","28","24","1","1","1","1"
"364",364,"2","74","4","2","3","2","2","3","2","2","5","4","7","2","9","1","1","21","18","35","40","1","1","2","2"
"365",365,"38","59","1","1","4","6","1","2","1","1","2","3","14","6","8","1","1","41","31","4","7","1","1","1","1"
"366",366,"20","41","1","1","4","4","1","2","1","1","2","3","12","3","3","1","1","21","60","17","54","1","1","1","1"
"367",367,"54","41","2","2","3","2","2","3","2","2","5","2","12","2","2","1","10","29","18","58","6","13","1","2","2"
"368",368,"11","41","4","2","3","2","2","3","3","5","5","4","79","5","2","1","1","38","63","29","44","1","1","2","5"
"369",369,"12","15","1","6","1","1","3","3","1","1","5","4","82","5","2","1","1","68","36","14","38","1","1","1","3"
"370",370,"4","82","1","1","1","1","3","1","1","1","4","5","20","4","4","1","4","38","36","27","35","1","1","1","1"
"371",371,"36","48","1","2","1","1","3","1","3","1","4","5","74","5","5","1","24","41","65","10","18","1","1","1","3"
"372",372,"42","87","1","1","1","1","3","1","1","1","4","5","29","4","3","1","10","14","20","66","54","1","1","1","1"
"373",373,"37","87","2","2","3","2","2","3","2","2","5","2","19","2","2","1","1","19","14","1","51","1","1","2","2"
"374",374,"1","80","1","1","1","1","3","1","1","1","4","5","29","4","4","1","1","21","75","17","4","1","1","1","1"
"375",375,"2","39","1","1","4","6","1","2","1","1","2","3","58","3","3","1","1","27","58","66","21","1","1","1","1"
"376",376,"57","61","1","1","1","1","1","1","1","1","2","3","79","3","3","1","1","8","25","17","30","10","1","1","1"
"377",377,"12","56","1","2","1","1","5","4","3","4","5","4","7","5","5","1","1","7","29","39","57","1","1","1","4"
"378",378,"2","69","1","1","2","3","4","5","4","3","1","1","37","1","1","13","1","18","16","28","14","2","1","1","1"
"379",379,"4","10","1","1","1","1","3","1","1","1","4","5","23","6","1","1","1","58","54","7","54","1","1","1","3"
"380",380,"10","31","2","2","3","2","2","3","2","2","5","4","61","2","2","1","1","8","23","51","1","1","1","2","2"
"381",381,"1","39","1","1","2","3","4","1","1","1","2","1","61","1","1","1","24","66","58","21","13","1","1","1","1"
"382",382,"12","8","1","1","1","1","3","1","1","1","4","5","7","4","4","1","1","34","25","39","13","1","1","1","3"
"383",383,"28","4","2","2","3","2","2","3","2","2","3","2","57","2","2","1","1","41","6","40","13","1","1","2","2"
"384",384,"12","4","1","1","1","1","3","1","1","1","4","5","43","4","4","1","1","28","5","27","21","1","1","1","3"
"385",385,"15","31","3","6","3","1","3","4","3","5","5","4","85","5","4","1","1","27","29","71","58","1","1","1","5"
"386",386,"7","35","4","2","3","2","2","3","2","2","5","4","87","2","2","1","3","12","8","13","2","1","1","3","2"
"387",387,"10","22","1","4","2","3","4","5","4","3","1","1","29","1","1","1","1","44","2","29","5","1","1","1","1"
"388",388,"26","11","1","1","1","1","3","1","1","1","4","5","37","4","4","1","1","18","12","7","39","1","1","1","3"
"389",389,"12","72","1","1","2","3","4","5","4","3","1","1","23","1","1","1","1","12","5","10","9","1","1","1","1"
"390",390,"32","31","4","1","1","1","3","1","1","1","4","5","23","4","4","1","1","29","14","58","32","1","1","1","3"
"391",391,"22","11","1","1","1","1","3","1","1","1","4","5","3","4","4","1","12","46","5","66","21","1","1","1","3"
"392",392,"8","31","3","3","5","5","5","4","3","4","5","4","42","5","5","1","1","58","31","13","9","7","1","3","4"
"393",393,"7","81","2","2","3","2","2","3","2","2","3","2","29","2","2","1","1","45","12","27","53","1","1","2","2"
"394",394,"22","20","3","3","5","5","5","4","3","4","5","4","61","5","5","1","1","69","5","13","34","1","1","3","4"
"395",395,"13","23","3","3","5","5","5","4","3","4","5","4","18","5","5","1","1","68","1","13","3","1","1","3","4"
"396",396,"20","49","1","2","1","1","3","4","1","5","4","5","18","5","4","1","1","9","21","39","10","1","1","1","3"
"397",397,"8","39","1","1","4","4","1","2","1","1","2","3","69","3","3","1","1","6","21","19","42","1","1","1","1"
"398",398,"22","54","1","1","1","1","3","1","1","1","4","5","57","4","4","1","1","44","23","75","20","2","1","1","3"
"399",399,"2","19","1","1","4","4","1","2","1","1","2","3","7","3","3","1","1","66","50","40","24","1","1","1","1"
"400",400,"38","68","1","1","4","4","1","2","1","1","2","3","18","3","3","1","1","43","16","4","7","1","1","1","1"
"401",401,"2","30","2","2","3","2","2","2","2","2","2","3","3","6","3","1","1","52","56","3","42","1","1","2","2"
"402",402,"33","14","1","1","4","4","1","2","1","1","2","3","35","3","3","1","1","52","11","1","2","1","1","1","1"
"403",403,"22","14","1","1","4","4","1","2","1","1","2","3","5","3","3","1","1","60","48","27","8","1","1","1","1"
"404",404,"8","12","2","2","3","2","2","3","2","2","3","2","37","2","2","1","1","70","42","57","32","1","1","2","2"
"405",405,"32","46","2","2","3","2","1","2","1","1","2","3","43","6","3","1","1","76","8","22","19","1","1","2","2"
"406",406,"46","1","1","1","1","1","3","1","1","1","4","5","21","4","4","1","1","69","56","12","34","1","1","1","1"
"407",407,"7","12","1","1","4","6","1","2","1","1","2","3","21","6","3","1","1","26","73","7","44","1","1","1","1"
"408",408,"1","72","1","1","2","3","4","1","1","1","2","1","7","1","1","1","1","43","40","23","65","1","1","1","1"
"409",409,"33","24","3","2","3","5","5","4","3","4","5","4","9","5","2","1","22","7","60","66","18","1","1","2","4"
"410",410,"4","72","2","2","3","2","2","3","2","2","3","2","7","2","2","1","1","52","18","7","57","1","1","2","2"
"411",411,"55","72","1","1","1","1","3","1","1","1","4","5","7","4","4","1","1","13","31","65","7","1","1","1","1"
"412",412,"56","14","3","3","3","5","5","4","3","4","5","4","42","5","2","1","1","3","73","7","14","1","1","2","4"
"413",413,"46","73","1","1","1","1","3","1","1","1","4","5","21","4","4","1","1","75","61","13","1","1","1","1","1"
"414",414,"1","6","1","1","4","4","1","2","1","1","2","3","64","3","3","1","2","40","34","40","43","1","1","1","1"
"415",415,"1","35","1","1","1","1","3","1","1","1","4","5","28","4","1","1","3","7","76","15","55","1","1","1","1"
"416",416,"1","17","1","1","4","4","1","2","1","1","2","3","23","3","3","1","1","56","11","17","3","1","1","1","1"
"417",417,"1","6","1","1","1","1","3","1","1","1","4","5","43","4","4","1","1","24","5","49","20","1","1","1","1"
"418",418,"6","46","1","1","4","4","1","2","1","1","2","3","7","3","3","1","1","39","43","54","7","1","1","1","1"
"419",419,"19","33","1","1","4","4","1","2","1","1","2","3","7","3","3","12","3","50","63","4","7","1","1","1","1"
"420",420,"46","73","4","2","3","2","2","3","3","5","5","4","18","5","2","9","3","7","12","21","50","1","1","2","5"
"421",421,"1","27","1","4","2","3","4","5","4","3","1","1","21","1","1","3","3","18","7","62","38","1","1","1","1"
"422",422,"18","22","1","4","2","3","4","5","4","3","1","1","15","1","1","7","3","42","28","47","7","1","1","1","1"
"423",423,"1","4","1","4","2","3","4","5","4","3","1","1","5","1","1","3","3","41","71","4","35","1","1","1","1"
"424",424,"1","5","1","4","2","3","4","5","4","3","1","1","45","1","1","3","11","51","2","1","7","3","1","1","1"
"425",425,"6","5","5","4","6","3","7","5","4","3","1","6","85","7","6","3","3","11","26","18","5","5","1","1","6"
"426",426,"19","5","1","4","2","3","4","5","4","3","1","1","16","1","1","3","3","24","45","62","3","1","1","1","1"
"427",427,"26","5","1","4","2","3","4","5","4","3","1","1","9","1","1","3","3","4","51","50","21","1","1","1","1"
"428",428,"2","6","1","4","2","3","4","5","4","3","1","1","18","1","1","3","1","23","24","14","48","5","1","1","1"
"429",429,"1","1","1","4","2","3","4","5","4","3","1","1","7","1","1","5","1","17","43","18","11","1","1","1","1"
"430",430,"21","85","1","4","2","3","4","5","1","3","1","1","30","1","1","4","3","68","64","8","62","1","1","1","1"
"431",431,"1","1","1","4","2","3","4","5","4","3","1","1","19","1","1","1","19","48","67","3","30","3","1","1","1"
"432",432,"19","15","5","4","6","3","7","5","4","3","1","6","69","7","6","3","3","51","61","66","7","1","1","1","6"
"433",433,"2","15","5","4","6","3","7","5","4","3","1","6","64","7","6","5","1","29","57","20","19","1","1","1","6"
"434",434,"28","6","1","1","1","1","3","1","1","1","4","5","5","4","4","1","1","48","69","40","14","1","1","1","3"
"435",435,"1","26","1","1","1","1","3","1","1","1","4","5","44","4","4","3","1","47","47","38","26","1","1","1","1"
"436",436,"21","85","1","4","2","3","4","5","4","3","1","1","43","1","1","3","3","58","28","52","50","18","1","1","1"
"437",437,"1","1","1","4","2","3","4","5","4","3","1","1","44","1","1","3","3","1","19","44","3","3","1","1","1"
"438",438,"6","7","1","4","2","3","4","5","4","3","1","1","23","1","1","3","3","57","31","18","50","1","1","1","1"
"439",439,"19","1","1","4","2","3","4","5","4","3","1","1","65","1","1","3","3","2","57","28","30","1","1","1","1"
"440",440,"23","7","1","1","1","1","3","1","1","1","4","5","18","4","4","1","3","17","13","25","2","1","1","1","1"
"441",441,"23","88","1","1","2","3","4","1","1","3","1","1","37","1","1","3","3","32","53","41","50","15","1","1","1"
"442",442,"1","6","1","4","2","3","4","5","4","3","1","1","51","1","1","3","3","51","21","63","2","1","1","1","1"
"443",443,"55","5","1","1","2","3","4","1","4","3","1","1","82","1","1","3","3","37","68","17","14","3","1","1","1"
"444",444,"18","5","1","1","2","3","4","1","4","3","1","1","37","1","1","3","3","11","4","47","4","1","1","1","1"
"445",445,"19","1","1","4","2","3","4","5","4","3","1","1","73","1","1","3","3","23","57","24","17","1","1","1","1"
"446",446,"23","73","1","4","2","3","4","5","4","3","1","1","12","1","1","3","3","2","5","8","29","1","1","1","1"
"447",447,"1","1","1","4","2","3","4","5","4","3","1","1","16","1","1","3","3","40","7","27","31","21","1","1","1"
"448",448,"1","1","1","4","2","3","4","5","4","3","1","1","42","1","1","3","19","2","51","18","32","9","1","1","1"
"449",449,"1","1","1","4","2","3","4","5","4","3","1","1","18","1","1","5","3","1","69","28","11","7","1","1","1"
"450",450,"1","1","1","4","2","3","4","5","4","3","1","1","53","1","1","8","3","73","71","53","57","9","1","1","1"
"451",451,"6","1","5","4","6","3","7","5","4","3","1","6","21","7","6","7","15","31","57","4","2","3","1","7","6"
"452",452,"18","1","5","4","6","3","7","5","4","3","1","6","82","7","6","5","3","54","5","37","3","9","1","7","6"
"453",453,"1","7","5","4","6","3","7","5","4","3","1","6","41","7","6","3","19","22","18","55","31","9","1","7","6"
"454",454,"42","27","5","4","6","3","7","5","4","3","1","6","45","7","6","7","3","1","47","49","26","9","1","1","6"
"455",455,"1","27","5","4","6","3","7","5","4","3","1","6","23","7","6","4","3","24","69","56","2","5","1","1","6"
"456",456,"1","7","1","4","2","3","4","5","4","3","1","1","44","1","1","7","3","51","48","72","2","1","1","1","1"
"457",457,"18","1","1","4","2","3","4","5","4","3","1","1","92","1","1","3","3","65","61","15","11","25","1","1","1"
"458",458,"33","15","1","4","2","3","4","5","4","3","1","1","3","1","1","3","3","60","57","56","39","5","1","1","1"
"459",459,"1","1","5","4","6","3","7","5","4","3","1","6","87","7","6","3","3","65","45","73","20","1","1","1","6"
"460",460,"1","14","1","4","2","3","7","5","4","3","1","1","70","1","6","3","3","11","57","18","31","3","1","1","1"
"461",461,"1","85","1","4","2","3","4","5","4","3","1","1","37","1","1","3","3","73","41","2","40","1","1","1","1"
"462",462,"6","1","1","4","2","3","4","5","4","3","1","1","32","1","1","4","3","1","67","33","46","23","1","1","1"
"463",463,"1","38","1","4","2","3","4","5","4","3","1","1","7","1","1","3","3","31","67","5","3","1","1","1","1"
"464",464,"1","1","1","4","2","3","4","5","4","3","1","1","2","1","1","3","3","5","5","60","4","1","1","1","1"
"465",465,"33","21","1","4","2","3","4","5","4","3","1","1","28","1","1","3","3","24","2","41","39","1","1","1","1"
"466",466,"1","4","1","4","2","3","4","5","4","3","1","1","17","1","1","4","3","72","57","75","55","1","1","1","1"
"467",467,"1","7","1","4","2","3","4","5","4","3","1","1","19","1","1","3","17","12","41","6","21","9","1","1","1"
"468",468,"1","1","1","4","2","3","4","5","4","1","1","1","18","1","1","3","3","1","35","50","7","5","1","1","1"
"469",469,"31","14","1","4","2","3","4","5","4","3","1","1","89","1","1","3","3","39","23","39","27","9","1","1","1"
"470",470,"19","21","1","4","2","3","4","5","4","3","1","1","44","1","1","3","3","1","55","9","40","11","1","1","1"
"471",471,"1","41","5","4","6","3","7","5","4","3","1","6","5","7","6","3","3","31","28","5","12","1","1","1","6"
"472",472,"1","7","1","4","2","3","4","5","4","3","1","1","3","1","1","3","17","2","62","33","28","21","1","1","1"
"473",473,"1","1","1","4","2","3","4","5","4","3","1","1","81","1","1","3","3","54","69","15","14","1","1","1","1"
"474",474,"34","17","1","4","2","3","4","5","4","3","1","1","32","1","1","3","3","33","32","68","7","1","1","1","1"
"475",475,"1","7","1","4","2","3","4","5","4","3","1","1","60","1","1","3","3","11","28","11","7","3","1","1","1"
"476",476,"16","6","1","4","2","3","4","5","4","3","1","1","32","1","1","3","3","51","53","71","2","1","1","1","1"
"477",477,"58","1","1","4","2","3","4","5","4","3","1","1","82","1","1","3","3","33","53","56","14","1","1","1","1"
"478",478,"5","7","1","4","2","3","4","5","4","3","1","1","54","1","1","3","5","2","11","34","7","5","1","1","1"
"479",479,"6","17","1","4","8","3","7","5","4","3","1","1","42","7","1","3","3","10","43","45","13","1","1","1","1"
"480",480,"1","5","1","4","2","3","4","5","4","3","1","1","8","1","1","3","3","20","64","68","12","5","1","1","1"
"481",481,"1","84","5","4","6","3","7","5","4","3","1","6","1","7","6","3","3","4","38","33","31","1","1","1","6"
"482",482,"16","1","1","4","2","3","4","5","4","3","1","1","13","1","1","3","3","5","31","2","46","1","1","1","1"
"483",483,"5","59","1","4","2","3","4","5","4","3","1","1","25","1","1","1","5","5","55","30","38","1","1","1","1"
"484",484,"1","48","1","1","2","3","4","5","4","3","1","1","15","1","1","3","3","43","68","59","7","1","1","1","1"
"485",485,"1","84","1","1","2","3","4","5","4","3","1","1","29","1","1","3","1","4","10","6","4","1","1","1","1"
"486",486,"1","27","1","1","2","3","4","5","1","1","1","1","5","1","1","1","3","5","6","59","14","1","1","1","1"
"487",487,"16","6","1","4","2","3","4","5","4","3","1","1","73","1","1","3","3","49","27","23","66","1","1","1","1"
"488",488,"6","52","1","4","6","3","4","5","4","3","1","1","32","1","1","12","3","24","5","50","32","1","1","1","1"
"489",489,"1","6","1","4","2","3","4","5","4","3","1","1","46","1","1","1","3","62","19","59","32","1","1","1","1"
"490",490,"1","26","1","4","2","3","4","5","4","3","1","1","17","1","1","3","3","4","31","67","48","23","1","1","1"
"491",491,"18","7","1","2","1","2","3","3","1","1","4","5","16","4","4","8","3","25","1","6","44","3","1","2","3"
"492",492,"51","1","4","4","3","3","2","5","2","2","5","4","41","2","2","1","3","30","4","2","12","23","1","2","2"
"493",493,"55","1","1","4","2","3","4","5","4","3","1","1","56","1","1","3","3","41","18","16","65","3","1","1","1"
"494",494,"23","52","1","4","2","3","4","5","4","3","1","1","8","1","1","3","3","22","68","69","14","1","1","1","1"
"495",495,"23","38","1","4","2","3","4","5","4","3","1","1","4","1","1","3","3","32","67","9","14","22","1","1","1"
"496",496,"40","29","1","4","2","3","4","5","4","3","1","1","24","8","1","3","5","4","30","46","5","18","1","1","1"
"497",497,"1","1","1","4","2","3","4","5","4","3","1","1","66","1","1","3","3","2","3","26","48","23","1","1","1"
"498",498,"45","18","1","4","2","3","4","5","4","3","1","1","81","1","1","1","12","33","65","56","6","1","1","1","1"
"499",499,"1","1","1","4","2","3","4","5","4","3","1","1","20","1","1","3","3","26","25","6","55","3","1","1","1"
"500",500,"1","12","1","4","6","3","4","5","4","3","1","1","40","8","1","5","2","70","55","15","14","1","1","3","1"
"501",501,"6","1","3","4","5","3","3","5","3","5","5","4","27","5","5","1","3","48","34","2","26","3","1","2","4"
"502",502,"1","69","5","4","6","3","4","5","4","3","1","6","16","7","1","7","3","35","24","64","13","5","1","1","6"
"503",503,"45","18","5","4","6","3","7","5","4","3","1","6","13","7","6","5","3","39","24","5","25","1","1","10","6"
"504",504,"24","17","4","6","3","2","2","3","2","2","5","4","54","2","2","5","1","62","64","48","11","1","1","2","2"
"505",505,"1","73","1","2","1","2","3","3","3","1","4","5","44","4","5","6","1","11","55","30","43","1","1","2","3"
"506",506,"13","53","2","4","3","3","2","5","2","2","3","2","40","2","2","4","3","2","24","45","6","3","1","2","2"
"507",507,"1","26","5","4","2","3","4","5","4","3","1","1","24","1","1","3","15","20","29","24","6","1","1","1","1"
"508",508,"2","18","1","4","2","3","4","5","4","3","1","1","74","1","1","1","3","10","14","34","4","1","1","1","1"
"509",509,"17","1","5","4","6","3","7","5","4","3","1","6","13","7","6","4","15","4","51","35","14","1","1","1","6"
"510",510,"1","10","1","1","2","3","4","5","4","3","1","1","41","1","1","1","1","4","66","53","14","7","1","1","1"
"511",511,"13","26","1","1","2","3","4","1","4","3","1","1","31","1","1","3","1","63","2","15","19","1","1","1","1"
"512",512,"32","57","1","1","1","1","3","1","1","1","4","5","46","4","4","6","15","23","19","57","11","1","1","1","3"
"513",513,"35","1","1","4","2","3","4","5","4","3","1","1","25","1","1","1","3","5","36","60","57","1","1","1","1"
"514",514,"6","4","1","4","2","3","4","5","4","3","1","1","8","1","1","3","15","23","5","24","32","3","1","1","1"
"515",515,"6","5","1","4","2","3","4","5","4","3","1","1","20","1","1","6","1","31","51","18","28","1","1","1","1"
"516",516,"15","8","1","1","2","1","4","1","4","3","1","1","28","1","1","1","1","25","54","33","6","1","1","1","1"
"517",517,"32","1","1","1","1","1","3","1","1","1","4","5","83","4","4","1","1","11","4","64","39","1","1","1","3"
"518",518,"1","32","1","4","5","3","5","4","3","1","5","4","41","6","5","1","3","11","44","22","10","1","1","1","4"
"519",519,"1","32","1","4","2","3","4","5","4","3","1","1","46","1","1","3","1","62","40","2","29","1","1","1","1"
"520",520,"7","33","4","1","3","3","2","1","3","5","5","4","27","5","2","1","1","57","4","60","24","1","1","1","5"
"521",521,"54","1","1","1","2","1","4","1","1","1","1","1","32","1","1","4","3","72","20","30","37","5","1","1","1"
"522",522,"54","72","1","1","1","1","3","1","1","1","4","5","91","4","8","1","3","62","45","55","7","1","1","1","3"
"523",523,"36","27","1","4","2","3","4","6","1","1","2","5","31","1","4","1","3","51","16","60","29","3","1","1","1"
"524",524,"15","28","5","1","6","3","7","5","4","3","1","6","33","7","1","4","4","2","71","41","2","2","1","10","6"
"525",525,"23","64","1","1","4","4","1","2","1","1","2","3","8","3","3","6","3","40","51","45","13","3","1","1","1"
"526",526,"24","19","1","4","4","3","1","5","1","1","2","3","40","3","3","1","3","77","73","26","17","9","1","1","1"
"527",527,"1","34","1","4","2","3","4","5","4","3","1","1","4","1","1","4","3","9","55","1","2","11","1","10","1"
"528",528,"15","41","5","4","6","3","7","5","4","3","1","6","75","7","6","6","3","18","62","26","38","4","1","1","6"
"529",529,"23","13","1","4","2","3","4","5","4","3","1","1","24","1","1","3","1","5","40","30","1","1","1","1","1"
"530",530,"24","8","1","5","2","3","4","5","4","3","1","1","24","1","1","3","3","75","67","13","9","1","2","10","1"
"531",531,"6","17","1","4","2","3","4","5","4","3","1","1","81","8","6","6","24","66","27","30","53","1","1","10","1"
"532",532,"10","41","2","1","3","3","2","3","3","5","5","4","30","5","1","9","3","62","40","38","24","18","1","3","5"
"533",533,"2","6","5","4","6","3","7","2","4","3","1","6","45","7","1","5","1","7","28","11","6","1","1","1","1"
"534",534,"1","74","1","1","2","6","4","2","1","1","2","5","8","1","3","1","19","20","17","46","34","1","1","1","1"
"535",535,"1","91","1","2","4","6","1","3","1","1","2","3","85","6","2","3","1","32","51","6","8","13","1","2","1"
"536",536,"55","34","4","4","3","2","2","3","3","2","5","4","10","2","2","1","5","10","61","24","4","5","1","2","5"
"537",537,"1","71","4","1","3","3","2","5","3","5","5","4","8","5","1","7","24","19","28","38","16","1","1","1","5"
"538",538,"1","2","1","4","2","3","4","5","4","3","1","1","13","1","1","3","1","33","71","36","23","1","1","1","1"
"539",539,"1","28","1","1","1","3","3","5","1","1","4","5","13","4","6","3","19","51","20","60","13","1","1","1","1"
"540",540,"19","3","5","4","6","3","7","6","4","3","1","6","17","7","6","9","15","22","41","14","21","1","1","1","6"
"541",541,"1","22","1","2","4","3","1","2","1","1","2","3","24","3","1","1","12","34","37","34","32","15","1","1","1"
"542",542,"29","2","1","4","2","2","4","3","4","3","1","1","85","1","1","3","1","69","31","70","48","8","1","6","1"
"543",543,"26","11","4","2","3","2","2","3","2","5","5","4","2","5","5","5","2","9","46","23","49","1","2","10","2"
"544",544,"30","4","3","4","3","3","3","1","3","5","5","4","13","5","1","1","1","22","69","2","25","1","1","1","5"
"545",545,"2","23","1","1","2","3","4","5","4","3","1","1","34","1","1","1","3","27","55","2","45","7","1","1","1"
"546",546,"54","43","5","4","6","3","7","5","4","3","1","1","30","1","2","5","3","25","23","24","11","1","1","10","6"
"547",547,"30","28","4","2","3","1","2","1","2","5","5","4","88","5","4","1","1","29","38","24","26","7","1","6","5"
"548",548,"17","2","1","1","1","1","3","1","1","1","4","5","54","4","4","1","2","31","15","73","7","1","1","2","1"
"549",549,"40","49","2","4","3","2","2","3","2","2","3","2","15","2","2","3","1","59",NA,"23","39","1","1","2","2"
"550",550,"4","68","1","4","2","3","4","5","1","1","1","1","17","1","1","1","5","2",NA,"56","29","1","1","1","1"
"551",551,"26","46","1","4","6","3","4","5","4","3","1","6","17","7","1","3","3","4",NA,"13","36","1","1","1","6"
"552",552,"4","43","1","1","2","3","4","5","4","3","1","1","1","1","1","1","1","4",NA,"36","39","1","1","1","1"
"553",553,"22","41","1","1","2","3","4","5","4","3","1","1","34","1","1","1","3","43",NA,"73","39","1","1","1","1"
"554",554,"2","40","1","1","2","4","1","2","1","1","2","3","34","3","3","1","13","21",NA,"6","35","1","1","1","1"
"555",555,"30","16","1","1","4","1","1","1","1","1","2","3","46","3","4","1","1","42",NA,"18","3","3","1","1","1"
"556",556,"3","2","1","1","1","1","3","2","1","1","4","5","86","4","3","5","1","67",NA,"30","45","1","1","1","1"
"557",557,"7","71","1","4","4","2","1","4","1","1","2","3","32","6","8","1","1","5",NA,"51","53","1","1","1","1"
"558",558,"3","26","4","6","3","3","2","5","3","5","5","4","26","5","6","1","3","44",NA,"64","37","9","1","7","5"
"559",559,"30","37","5","4","6","3","7","5","4","3","1","6","15","7","6","5","1","73",NA,"41","20","1","1","7","6"
"560",560,"20","60","1","2","2","3","1","2","1","1","1","1","41","1","1","1","1","47",NA,"34","3","1","1","1","1"
"561",561,"2","13","1","1","2","2","4","3","4","3","1","1","51","1","2","1","1","31",NA,"2","29","1","1","2","1"
"562",562,"44","2","2","2","3","1","2","3","2","2","3","2","24","2","4","1","21","2",NA,"24","13","1","1","2","2"
"563",563,"53","11","1","1","1","2","3","3","1","1","4","5","13","4","4","1","2","54",NA,"64","28","1","1","11","3"
"564",564,"20","26","4","2","3","2","2","3","2","2","5","4","3","2","2","2","2","50",NA,"44","3","1","1","2","2"
"565",565,"2","18","4","1","3","1","2","1","3","5","5","4","5","5","4","1","2","15",NA,"30","29","1","1","2","5"
"566",566,"29","37","1","2","2","1","4","1","1","1","1","5","40","1","1","1","2","2",NA,"60","20","8","1","1","1"
"567",567,"9","67","1","2","1","2","3","3","1","1","4","3","15","4","2","2","2","74",NA,"22","46","6","1","2","1"
"568",568,"5","8","2","2","3","2","2","3","2","2","5","4","45","2","2","2","2","72",NA,"22","49","19","1","2","2"
"569",569,"22","32","2","2","3","2","2","3","2","2","3","2","73","2","2","2","2","4",NA,"71","28","1","1","2","2"
"570",570,"9","21","2","2","3","2","2","3","2","2","3","2","6","2","2","1","1","56",NA,"4","3","1","1","2","2"
"571",571,"4","2","4","2","3","2","2","3","2","2","5","4","20","2","2","2","2","18",NA,"59","52","14","1","4","2"
"572",572,"9","60","2","2","3","2","2","3","2","2","3","2","76","2","2","2","1","38",NA,"24","29","1","1","4","2"
"573",573,"5","30","1","1","4","2","1","3","1","1","2","3","36","3","2","1","6","4",NA,"42","29","1","1","9","1"
"574",574,"7","13","4","5","3","2","2","3","2","2","5","4","47","5","2","2","2","4",NA,"56","52","1","1","2","2"
"575",575,"3","50","1","1","4","2","2","2","1","1","3","3","46","3","3","1","1","45",NA,"11","37","1","1","1","1"
"576",576,"3","66","1","1","4","1","1","1","1","1","2","3","1","3","3","2","1","7",NA,"8","37","6","1","1","1"
"577",577,"14","37","1","2","1","1","3","1","1","1","4","5","1","4","4","1","1","44",NA,"51","37","1","1","1","1"
"578",578,"3","5","1","2","1","2","3","3","1","1","4","5","31","4","4","1","9","79",NA,"74","28","13","1","7","3"
"579",579,"5","42","4","2","3","2","2","3","2","2","5","4","10","5","2","2","2","1",NA,"38","24","8","1","6","5"
"580",580,"14","12","2","2","3","2","2","3","2","2","3","2","54","2","2","2","16","29",NA,"11","43","13","1","11","2"
"581",581,"3","30","2","2","3","2","2","3","2","2","3","2","8","2","7","2","8","18",NA,"51","29","1","1","11","2"
"582",582,"17","54","2","2","3","2","2","3","2","2","3","2","27","2","2","2","2","18",NA,"45","47","4","1","2","2"
"583",583,"3","81","2","2","3","2","2","3","2","2","3","2","27","2","2","2","2","8",NA,"67","16","1","1","8","2"
"584",584,"14","67","4","2","3","2","2","3","2","5","5","4","54","5","2","2","2","63",NA,"26","5","4","1","2","5"
"585",585,"3","66","2","1","4","2","2","3","2","2","3","2","1","2","2","2","2","5",NA,"74","39","1","1","2","2"
"586",586,"3","37","4","2","3","2","2","3","2","2","5","4","69","2","2","2","2","31",NA,"68","59","1","1","2","2"
"587",587,"4","66","2","2","3","2","2","3","2","2","3","2","17","2","2","2","2","1",NA,"49","10","10","1","11","2"
"588",588,"43","71","2","2","3","2","2","3","2","2","3","2","24","2","2","2","2","35",NA,"37","35","8","1","2","2"
"589",589,"12","21","2","2","3","2","2","3","2","2","3","2","11","2","2","2","2",NA,NA,"74","37","4","1","2","2"
"590",590,"43","44","2","2","3","2","2","3","2","2","3","2","50","2","2","2","2",NA,NA,"59","18","6","1","2","2"
"591",591,"53","18","2","2","3","2","2","3","2","2","3","2","79","2","2","2","2",NA,NA,"53","3","13","1","2","2"
"592",592,"3","30","2","2","3","2","2","3","2","2","3","2","42","2","2","2","2",NA,NA,"15","61","1","1","2","2"
"593",593,"5","78","2","2","3","2","2","3","2","2","3","2","51","2","2","2","2",NA,NA,"13","46","16","1","2","2"
"594",594,"12","16","2","2","3","2","2","3","2","2","3","2","34","2","2","2","8",NA,NA,"54","37","20","1","2","2"
"595",595,"9","3","4","2","3","2","2","3","3","5","5","4","74","5","2","2","2",NA,NA,"25","51","16","1","2","5"
"596",596,"20","29","2","2","3","2","2","3","2","2","3","2","24","2","2","2","2",NA,NA,"35","43","1","1","2","2"
"597",597,"9","15","1","2","4","2","2","2","1","1","2","3","38","6","2","2","2",NA,NA,"42","4","1","1","2","1"
"598",598,"7","67","2","2","3","2","2","3","2","2","3","2","33","2","2","2","2",NA,NA,"10","39","1","1","2","2"
"599",599,"3","9","2","2","3","2","2","3","2","2","3","2","68","2","2","2","8",NA,NA,"19","58","1","1","2","2"
"600",600,"41","13","2","2","3","2","2","3","2","2","3","2","89","2","2","2","2",NA,NA,"11","3","1","1","2","2"
"601",601,"3","2","2","2","3","2","2","3","2","2","3","2","32","2","2","2","2",NA,NA,"75","48","1","1","2","2"
"602",602,"41","2","2","2","3","2","2","3","2","2","3","2","57","2","2","2","2",NA,NA,"64","39","1","1","2","2"
"603",603,"20","16","1","2","4","2","2","2","1","1","3","3","40","3","2","2","2",NA,NA,"60","35","1","1","2","1"
"604",604,"29","37","2","2","4","2","2","3","1","1","3","3","41","2","2","2","2",NA,NA,"11","49","17","1","2","1"
"605",605,"3","3","2","2","3","2","2","3","2","2","3","2","3","2","2","2","2",NA,NA,"33","61","1","1","2","2"
"606",606,"3","81","2","5","3","2","2","3","2","2","3","2","17","2","2","2","2",NA,NA,"63","36","4","1","2","2"
"607",607,"10","3","4","2","3","2","2","3","2","2","5","4","6","2","2","2","2",NA,NA,"15","37","14","1","2","2"
"608",608,"5","47","2","2","3","2","2","3","2","2","3","2","70","2","2","2","2",NA,NA,"15","12","10","1","2","2"
"609",609,"51","53","2","2","3","2","2","3","2","2","3","2","44","2","2","2","25",NA,NA,"71","19","1","1","6","2"
"610",610,"43","3","2","2","3","2","2","3","2","2","3","2","13","2","2","2","16",NA,NA,"45","5","16","1","2","2"
"611",611,"32","47","2","2","3","2","2","3","2","2","3","2","18","2","2","2","2",NA,NA,"12","20","1","1","2","2"
"612",612,"14","3","2","2","3","2","2","3","2","2","3","2","76","2","2","2","1",NA,NA,"49","61","14","1","2","2"
"613",613,"5","13","2","2","3","2","1","2","2","2","3","2","61","2","3","1","1",NA,NA,"25","23","1","1","1","2"
"614",614,"5","28","1","1","4","2","2","2","1","1","2","3","45","3","3","2","2",NA,NA,"50","29","1","1","8","1"
"615",615,"60","63","2","2","3","2","2","3","2","2","3","2","60","2","2","1","2",NA,NA,NA,"52","12","1","8","2"
"616",616,"3","49","4","1","3","2","2","3","3","5","5","4","74","5","2","2","2",NA,NA,NA,"3","14","1","2","5"
"617",617,"3","3","2","2","3","4","1","3","2","2","3","2","6","2","2","1","1",NA,NA,NA,"3","1","1","4","2"
"618",618,"4","2","1","2","4","4","1","2","1","1","2","3","51","3","3","2","6",NA,NA,NA,"49","1","1","1","1"
"619",619,"12","40","1","2","4","2","2","3","1","1","2","3","10","6","3","1","12",NA,NA,NA,"47","1","1","4","1"
"620",620,"10","26","4","2","3","2","2","3","2","2","5","4","66","5","2","2","2",NA,NA,NA,"24","1","1","2","2"
"621",621,"9","55","2","2","3","2","2","3","2","2","3","2","8","2","2","2","2",NA,NA,NA,"52","1","1","5","2"
"622",622,"37","92","2","2","3","2","2","3","2","2","3","2","10","2","2","14","2",NA,NA,NA,"6","1","1","2","2"
"623",623,"5","40","4","2","3","2","2","3","3","5","5","4","22","5","2","2","2",NA,NA,NA,"37","6","1","2","5"
"624",624,"3","61","2","2","3","2","2","3","2","2","3","2","56","2","2","14","12",NA,NA,NA,"3","13","1","2","2"
"625",625,"3","21","4","1","3","2","2","3","3","5","5","4","17","2","2","2","14",NA,NA,NA,"37","1","1","2","5"
"626",626,"10","13","2","2","3","2","2","3","2","2","3","2","13","2","2","2","2",NA,NA,NA,"56","4","1","8","2"
"627",627,"20","3","1","2","4","2","2","3","1","1","2","3","52","3","2","2","2",NA,NA,NA,"37","14","1","2","1"
"628",628,"3","40","2","2","3","2","2","3","2","2","3","2","4","2","2","2","2",NA,NA,NA,"12","20","1","2","2"
"629",629,"3","2","2","2","3","2","2","3","2","2","3","2","33","2","2","2","2",NA,NA,NA,"23","1","1","2","2"
"630",630,"47","51","4","2","3","2","2","3","2","2","5","4","3","2","2","1","10",NA,NA,NA,"51","1","1","2","2"
"631",631,"22","55","2","2","3","2","2","3","2","2","3","2","17","2","2","2","7",NA,NA,NA,"1","19","1","2","2"
"632",632,"17","44","1","2","3","2","2","3","2","2","3","2","24","2","2","1","2",NA,NA,NA,"64","1","1","2","2"
"633",633,"3","55","2","2","3","2","2","3","2","2","3","2","24","2","2","1","7",NA,NA,NA,"15","12","1","2","2"
"634",634,"3","2","4","2","3","2","2","3","3","5","5","4","28","5","2","2","2",NA,NA,NA,"46","1","1","2","5"
"635",635,"14","58","2","2","3","2","2","3","2","2","3","2","87","2","2","2","7",NA,NA,NA,"3","1","1","2","2"
"636",636,"3","40","4","2","3","2","2","3","3","5","5","4","13","5","2","2","2",NA,NA,NA,"61","12","1","2","5"
"637",637,"5","1","2","2","3","2","2","3","2","2","3","2","47","2","2","2","2",NA,NA,NA,"29","1","1","2","2"
"638",638,"20","2","2","2","3","2","2","3","2","2","3","2","54","2","2","2","2",NA,NA,NA,"53","1","1","2","2"
"639",639,"33","44","4","2","3","2","2","3","2","2","5","4","11","2","2","2","18",NA,NA,NA,"39","10","1","2","2"
"640",640,"50","22","2","2","3","2","2","3","2","2","3","2","91","2","2","2","7",NA,NA,NA,"52","1","1","8","2"
"641",641,"3","87","4","2","3","2","2","3","2","2","3","2","5","2","2","2","8",NA,NA,NA,"12","1","1","5","2"
"642",642,"3","71","1","2","4","4","2","3","1","1","2","3","56","3","2","10","2",NA,NA,NA,"37","1","1","2","1"
"643",643,"5","8","2","2","4","2","2","3","2","2","3","2","83","2","2","2","2",NA,NA,NA,"47","16","1","2","2"
"644",644,"3","48","2","2","3","2","2","3","2","2","3","2","44","2","2","11","7",NA,NA,NA,"43","1","1","2","2"
"645",645,"3","49","2","2","3","1","2","2","2","2","3","2","90","2","2","11","2",NA,NA,NA,"56","1","1","2","2"
"646",646,"53","3","2","1","3","2","2","3","2","2","3","2","20","2","2","1","2",NA,NA,NA,"64","1","1","1","2"
"647",647,"3","48","1","2","3","6","2","2","1","1","4","5","70","4","2","2","8",NA,NA,NA,"3","16","1","2","1"
"648",648,"1","37","2","2","3","2","2","3","2","2","3","2","33","2","3","1","2",NA,NA,NA,"16","1","1","2","2"
"649",649,"3","55","1","2","4","6","2","3","1","1","2","3","12","3","3","2","11",NA,NA,NA,"2","16","1","2","1"
"650",650,"3","44","2","2","3","2","2","3","2","2","3","2","34","2","2","2","2",NA,NA,NA,"51","14","1","8","2"
"651",651,"1","5","2","2","3","2","2","3","2","2","3","2","52","2","2","2","2",NA,NA,NA,"27","1","1","2","2"
"652",652,"3","26","2","2","3","2","2","3","2","2","3","2","1","2","2","2","2",NA,NA,NA,"55","19","1","2","2"
"653",653,"61","21","2","2","3","2","2","3","2","2","3","2","86","2","2","2","2",NA,NA,NA,"39","6","1","2","2"
"654",654,"1","43","2","2","3","2","2","3","2","2","3","2","24","2","2","2","2",NA,NA,NA,"50","8","1","6","2"
"655",655,"1","86","2","2","3","2","2","3","2","2","3","2","27","2","2","2","2",NA,NA,NA,"31","8","1","2","2"
"656",656,"9","2","2","2","3","2","2","3","2","2","3","2","47","2","2","2","2",NA,NA,NA,"42","10","1","5","2"
"657",657,"9","54","2","2","3","2","2","3","2","2","3","2","72","2","2","2","2",NA,NA,NA,"44","6","1","2","2"
"658",658,"1","27","2","2","3","2","2","3","2","2","3","2","9","2","2","2","2",NA,NA,NA,"9","1","1","5","2"
"659",659,"37","59","2","2","3","2","2","3","2","2","3","2","35","2","2","2","6",NA,NA,NA,"59","1","1","2","2"
"660",660,"3","47","4","2","3","2","2","3","2","2","5","4",NA,"2","2","2","2",NA,NA,NA,"29","1","1","2","2"
"661",661,"2","3","2","2","3","2","2","3","2","2","3","2",NA,"2","2","2","2",NA,NA,NA,"39","1","1","5","2"
"662",662,"3","44","2","2","3","2","2","3","2","2","3","2",NA,"2","2","2","2",NA,NA,NA,"37","1","1","5","2"
"663",663,"3","48","2","4","3","3","2","5","2","2","3","2",NA,"2","2","2","16",NA,NA,NA,"12","12","1","2","2"
"664",664,"3","3","2","2","3","2","2","3","2","2","3","2",NA,"2","2","2","1",NA,NA,NA,"46","1","1","2","2"
"665",665,"7","60","1","2","7","2","2","5","4","3","1","1",NA,"1","2","2","2",NA,NA,NA,"37","20","1","2","1"
"666",666,"7","21","2","1","7","2","2","3","2","2","3","2",NA,"2","2","1","1",NA,NA,NA,"49","7","1","2","2"
"667",667,"34","37","2","2","7","2","2","3","2","2","3","2",NA,"2","2","1","2",NA,NA,NA,"51","1","1","1","2"
"668",668,"2","2","1","1","3","3","4","1","1","1","1","1",NA,"1","7","1","14",NA,NA,NA,"14","14","1","4","1"
"669",669,"56","55","2","1","3","3","2","3","2","2","3","2",NA,"2","7","1","5",NA,NA,NA,"13","1","1","4","2"
"670",670,"18","40","1","1","2","3","4","1","1","1","4","5",NA,"1","1","2","6",NA,NA,NA,"3","1","1","1","1"
"671",671,"1","3","1","2","2","2","4","3","4","1","1","1",NA,"1","1","2","2",NA,NA,NA,"51","1","1","1","1"
"672",672,"1","2","1","2","2","3","4","5","4","3","1","1",NA,"1","1","13","2",NA,NA,NA,"64","20","1","2","1"
"673",673,"1","47","2","1","3","2","2","5","2","2","3","2",NA,"2","2","3","3",NA,NA,NA,"26","4","1","2","2"
"674",674,"1","55","2","1","3","2","2","3","2","2","3","2",NA,"2","2","2","2",NA,NA,NA,"12","1","1","1","2"
"675",675,"27","63","1","2","2","2","4","5","4","3","1","1",NA,"1","1","2","2",NA,NA,NA,"25","14","1","1","1"
"676",676,"1","47","1","2","7","7","2","3","1","1","2","3",NA,"4","3","2","2",NA,NA,NA,"3","6","1","2","1"
"677",677,"3","13","2","1","7","7","2","3","2","2","3","2",NA,"2","2","2","1",NA,NA,NA,"14","19","1","5","2"
"678",678,"20","48","2","2","7","7","2","3","2","2","3","2",NA,"2","2","2","2",NA,NA,NA,"12","1","1","6","2"
"679",679,"3","35","1","2","3","2","1","3","1","1","2","3",NA,"3","2","2","2",NA,NA,NA,"5","1","1","4","1"
"680",680,"3","16","2","2","3","2","2","3","2","2","3","2",NA,"2","2","2","2",NA,NA,NA,"52","6","1","4","2"
"681",681,"3","3","2","2","3","2","2","3","2","2","3","2",NA,"2","2","2","2",NA,NA,NA,"36","1","1","2","2"
"682",682,"50","37","2","2","3","2","2","3","2","2","3","2",NA,"2","2","3","3",NA,NA,NA,"4","1","1","2","2"
"683",683,"3","48","2","4","3","2","2","5","2","2","3","2",NA,"2","2","3","3",NA,NA,NA,"39","14","1","2","2"
"684",684,"3","84","2","1","3","1","2","3","2","2","3","2",NA,"2","2","2","1",NA,NA,NA,"20","24","1","4","2"
"685",685,"3","34","1","2","2","3","3","5","4","3","1","1",NA,"1","1","10","3",NA,NA,NA,"12","2","1","1","1"
"686",686,"5","12","1","4","1","3","2","5","1","1","4","5",NA,"4","4","3","3",NA,NA,NA,"52","1","1","1","1"
"687",687,"14","21","1","4","2","3","4","5","2","2","3","3",NA,"3","1","4","2",NA,NA,NA,"33","1","1","1","2"
"688",688,"3","90","1","1","2","3","4","5","4","3","1","1",NA,"1","1","1","3",NA,NA,NA,"26","3","1","1","1"
"689",689,"22","37","1","4","2","3","4","5","4","3","1","1",NA,"1","1","3","3",NA,NA,NA,"45","1","1","1","1"
"690",690,"50","83","1","4","2","3","4","5","4","3","1","1",NA,"1","1","10","2",NA,NA,NA,"1","18","1","1","1"
"691",691,"14","16","1","2","2","3","4","5","4","3","1","1",NA,"1","1","10","2",NA,NA,NA,"39","1","1","1","1"
"692",692,"39","55","1","4","3","3","2","5","4","3","1","1",NA,"1","2","3","22",NA,NA,NA,"29","1","1","2","1"
"693",693,"4","61","2","4","2","3","2","5","2","2","3","2",NA,"2","2","2","2",NA,NA,NA,"39","1","1","1","2"
"694",694,"39","76","1","2","2","3","4","5","4","3","1","1",NA,"1","1","2","2",NA,NA,NA,"3","1","1","1","1"
"695",695,"39","81","1","2","2","2","2","3","4","3","1","1",NA,"1","2","2","22",NA,NA,NA,"47","1","1","2","1"
"696",696,"39","49","2","1","3","2","2","3","2","2","3","2",NA,"2","2","2","2",NA,NA,NA,"3","20","1","5","2"
"697",697,"21","5","2","2","3","2","2","3","2","2","3","2",NA,"2","2","2","2",NA,NA,NA,"20","17","1","2","2"
"698",698,"50","76","2","2","3","2","1","3","2","2","3","3",NA,"2","2","2","22",NA,NA,NA,"42","6","1","2","2"
"699",699,"3","63","2","2","3","2","2","3","2","2","3","2",NA,"2","2","2","2",NA,NA,NA,"63","1","1","2","2"
"700",700,"4","2","2","2","3","2","2","3","2","2","3","2",NA,"2","2","2","2",NA,NA,NA,"55","6","1","2","2"
"701",701,"9","5","2","2","3","2","2","3","2","2","3","2",NA,"2","2","2","2",NA,NA,NA,"46","10","1","4","2"
"702",702,"37","16","2","2","3","2","2","3","2","2","3","2",NA,"2","2","1","1",NA,NA,NA,"26","16","1","2","2"
"703",703,"2","43","2","1","3","2","2","3","2","2","3","2",NA,"2","2","1","3",NA,NA,NA,"47","16","1","2","2"
"704",704,"28","87","2","2","3","2","2","3","2","2","3","2",NA,"2","3","2","2",NA,NA,NA,"64","1","1","2","2"
"705",705,"9","5","1","2","4","2","1","2","1","1","2","3",NA,"3","3","2","2",NA,NA,NA,"29","10","1","1","1"
"706",706,"2","2","3","2","3","2","5","3","3","4","5","4",NA,"5","2","2","2",NA,NA,NA,"35","17","1","2","4"
"707",707,"7","53","2","2","3","2","2","3","2","2","3","2",NA,"2","2","2","2",NA,NA,NA,"23","14","1","2","2"
"708",708,"45","3","2","2","3","2","2","3","2","2","3","2",NA,"2","2","2","2",NA,NA,NA,"13","1","1","2","2"
"709",709,"14","81","4","2","3","2","2","3","3","5","5","4",NA,"5","2","2","5",NA,NA,NA,"12","1","1","2","5"
"710",710,"4","55","2","2","3","2","2","3","2","2","3","2",NA,"2","2","2","2",NA,NA,NA,"1","1","1","2","2"
"711",711,"45","86","2","2","3","2","2","3","2","2","3","2",NA,"2","2","1","1",NA,NA,NA,"9","1","1","2","2"
"712",712,"12","41","2","2","3","2","2","3","2","2","3","2",NA,"2","2","1","2",NA,NA,NA,"37","13","1","2","2"
"713",713,"4","90","4","2","3","2","2","3","3","5","5","4",NA,"5","2","2","2",NA,NA,NA,"37","1","1","2","5"
"714",714,"49","33","4","2","3","2","2","3","2","5","5","4",NA,"5","2","2","2",NA,NA,NA,"7","1","1","2","5"
"715",715,"12","83","4","2","3","2","2","3","3","5","5","4",NA,"5","2","2","1",NA,NA,NA,"13","1","1","2","5"
"716",716,"14","21","2","2","3","2","2","3","2","2","3","2",NA,"2","2","2","1",NA,NA,NA,"39","1","1","2","2"
"717",717,"5","32","2","2","3","2","2","3","2","2","3","2",NA,"2","2","2","18",NA,NA,NA,"10","1","1","2","2"
"718",718,"34","44","2","2","3","2","2","3","2","2","3","2",NA,"2","2","1","1",NA,NA,NA,"55","1","1","2","2"
"719",719,"11","55","2","1","3","3","2","3","2","2","3","2",NA,"2","2","1","18",NA,NA,NA,"19","1","1","2","2"
"720",720,"3","90","2","1","2","2","4","3","2","2","3","2",NA,"2","1","1","1",NA,NA,NA,"51","1","1","1","2"
"721",721,"14",NA,"1","2","2","2","4","3","4","3","1","1",NA,"1","1","2","18",NA,NA,NA,"37","1","1","1","1"
"722",722,"30",NA,"1","1","7","3","4","1","4","3","1","1",NA,"1","9","2","2",NA,NA,NA,"49","1","1","2","1"
"723",723,"11",NA,"2","2","3","2","2","3","2","2","3","2",NA,"2","1","2","18",NA,NA,NA,"6","1","1","2","2"
"724",724,"30",NA,"1","2","1","2","2","3","1","1","4","5",NA,"3","2","9","6",NA,NA,NA,"63","10","1","5","1"
"725",725,"20",NA,"2","2","3","2","2","3","2","2","3","2",NA,"2","2","1","2",NA,NA,NA,"47","1","1","4","2"
"726",726,"14",NA,"2","2","3","2","2","3","2","2","3","2",NA,"2","2","2","1",NA,NA,NA,"48","1","1","2","2"
"727",727,"11",NA,"4","2","3","2","2","3","3","5","5","4",NA,"5","2","2","1",NA,NA,NA,"3","1","1","2","5"
"728",728,"7",NA,"2","2","3","2","2","3","2","2","3","2",NA,"2","2","1","20",NA,NA,NA,NA,"1","1","2","2"
"729",729,"3",NA,"2","2","3","2","2","3","2","2","3","2",NA,"2","2","1","1",NA,NA,NA,NA,"1","1","2","2"
"730",730,"60",NA,"2","1","3","1","2","3","2","2","3","2",NA,"2","2","1","11",NA,NA,NA,NA,"1","1","2","2"
"731",731,"14",NA,"4","1","1","2","3","1","3","5","5","4",NA,"5","4","2","1",NA,NA,NA,NA,"1","1","1","5"
"732",732,NA,NA,"5","2","1","1","2","3","1","1","4","5",NA,"4","4","2","3",NA,NA,NA,NA,"1","1","1","3"
"733",733,NA,NA,"1","1","3","2","6","1","1","1","4","5",NA,"4","4","3","6",NA,NA,NA,NA,"14","1","2","3"
"734",734,NA,NA,"2","4","3","2","2","5","2","2","3","2",NA,"2","2","3","2",NA,NA,NA,NA,"1","1","6","2"
"735",735,NA,NA,"1","2","4","3","2","3","1","1","2","3",NA,"6","1","2","2",NA,NA,NA,NA,"3","1","1","1"
"736",736,NA,NA,"1","2","2","2","2","5","4","3","1","1",NA,"1","1","2","2",NA,NA,NA,NA,"16","1","1","1"
"737",737,NA,NA,"2","2","3","2","2","3","2","2","3","2",NA,"2","2","2","2",NA,NA,NA,NA,"16","1","2","2"
"738",738,NA,NA,"2","2","3","2","2","3","2","2","3","2",NA,"2","2","2","16",NA,NA,NA,NA,"1","1","2","2"
"739",739,NA,NA,"2","2","7","2","2","3","2","2","3","2",NA,"2","2","2","22",NA,NA,NA,NA,"1","1","2","2"
"740",740,NA,NA,"2","2","7","2","2","3","2","2","3","2",NA,"2","2","2","1",NA,NA,NA,NA,"8","1","5","2"
"741",741,NA,NA,"2","2","3","2","2","3","1","2","3","2",NA,"2","2","2","17",NA,NA,NA,NA,"10","1","6","2"
"742",742,NA,NA,"2","2","3","2","2","3","2","2","3","2",NA,"2","2","2","2",NA,NA,NA,NA,"1","1","2","2"
"743",743,NA,NA,"2","1","3","2","2","3","2","2","5","4",NA,"2","2","1","25",NA,NA,NA,NA,"1","1","2","2"
"744",744,NA,NA,"4","1","4","2","2","3","3","5","5","4",NA,"5","2","2","13",NA,NA,NA,NA,"1","1","2","5"
"745",745,NA,NA,"1","2","4","2","2","3","1","2","3","3",NA,"3","3","2",NA,NA,NA,NA,NA,"1","1","1","1"
"746",746,NA,NA,"1","2","3","2","2","3","1","1","2","3",NA,"3","2","2",NA,NA,NA,NA,NA,"13","1","6","1"
"747",747,NA,NA,"2","2","3","2","2","3","2","2","3","2",NA,"2","2","3",NA,NA,NA,NA,NA,"17","1","6","2"
"748",748,NA,NA,"4","3","3","2","2","3","2","2","5","4",NA,"2","10","2",NA,NA,NA,NA,NA,"1","1","2","2"
"749",749,NA,NA,"6",NA,"7",NA,"2","3","2","2","3","2",NA,"2","10",NA,NA,NA,NA,NA,NA,"19","1","2","2"
"750",750,NA,NA,"6",NA,"3",NA,NA,NA,"1","2","3","3",NA,"2","3",NA,NA,NA,NA,NA,NA,NA,NA,NA,"2"
